{ 
    "_id" : ObjectId("5ea87663d8d93354f6161316"), 
    "supplier" : ObjectId("5ea86eb7d8d93354f616130a"), 
    "customer" : ObjectId("5ea87662d8d93354f6161315"), 
    "createdAt" : ISODate("2020-04-26T16:15:18.458+0000"), 
    "balance" : NumberInt(0), 
    "isAdminFees" : false, 
    "__v" : NumberInt(0)
}
{ 
    "_id" : ObjectId("5ef8ea6ad8d93354f6161360"), 
    "supplier" : ObjectId("5ef8e0ded8d93354f6161356"), 
    "customer" : ObjectId("5ef8ea6ad8d93354f616135f"), 
    "createdAt" : ISODate("2020-04-26T16:15:18.458+0000"), 
    "balance" : NumberInt(0), 
    "isAdminFees" : false, 
    "__v" : NumberInt(0)
}
{ 
    "_id" : ObjectId("5ef8ea72d8d93354f6161364"), 
    "supplier" : ObjectId("5ef8e0ded8d93354f6161356"), 
    "customer" : ObjectId("5ef8ea72d8d93354f6161363"), 
    "createdAt" : ISODate("2020-04-26T16:15:18.458+0000"), 
    "balance" : NumberInt(0), 
    "isAdminFees" : false, 
    "__v" : NumberInt(0)
}
{ 
    "_id" : ObjectId("5ef8ea7ed8d93354f6161368"), 
    "supplier" : ObjectId("5ef8e0ded8d93354f6161356"), 
    "customer" : ObjectId("5ef8ea7ed8d93354f6161367"), 
    "createdAt" : ISODate("2020-04-26T16:15:18.458+0000"), 
    "balance" : NumberInt(0), 
    "isAdminFees" : false, 
    "__v" : NumberInt(0)
}
{ 
    "_id" : ObjectId("5f006ec3d8d93354f616136f"), 
    "supplier" : ObjectId("5ef8e0ded8d93354f6161356"), 
    "customer" : ObjectId("5f006ec3d8d93354f616136e"), 
    "createdAt" : ISODate("2020-04-26T16:15:18.458+0000"), 
    "balance" : NumberInt(0), 
    "isAdminFees" : false, 
    "__v" : NumberInt(0)
}
{ 
    "_id" : ObjectId("5f006ec7d8d93354f6161373"), 
    "supplier" : ObjectId("5ef8e0ded8d93354f6161356"), 
    "customer" : ObjectId("5f006ec7d8d93354f6161372"), 
    "createdAt" : ISODate("2020-04-26T16:15:18.458+0000"), 
    "balance" : NumberInt(0), 
    "isAdminFees" : false, 
    "__v" : NumberInt(0)
}
{ 
    "_id" : ObjectId("5f006eeed8d93354f6161377"), 
    "supplier" : ObjectId("5ef8e0ded8d93354f6161356"), 
    "customer" : ObjectId("5f006eeed8d93354f6161376"), 
    "createdAt" : ISODate("2020-04-26T16:15:18.458+0000"), 
    "balance" : NumberInt(0), 
    "isAdminFees" : false, 
    "__v" : NumberInt(0)
}
{ 
    "_id" : ObjectId("5f006f12d8d93354f616137b"), 
    "supplier" : ObjectId("5ef8e0ded8d93354f6161356"), 
    "customer" : ObjectId("5f006f12d8d93354f616137a"), 
    "createdAt" : ISODate("2020-04-26T16:15:18.458+0000"), 
    "balance" : NumberInt(0), 
    "isAdminFees" : false, 
    "__v" : NumberInt(0)
}
{ 
    "_id" : ObjectId("5f1ac4d1cce33f65397fa807"), 
    "supplier" : ObjectId("5f1a9c45cce33f65397fa7eb"), 
    "customer" : ObjectId("5f1ac4d1cce33f65397fa806"), 
    "createdAt" : ISODate("2020-07-23T20:38:13.673+0000"), 
    "balance" : NumberInt(0), 
    "isAdminFees" : false, 
    "__v" : NumberInt(0)
}
{ 
    "_id" : ObjectId("5f1ac4d9cce33f65397fa80b"), 
    "supplier" : ObjectId("5f1a9c45cce33f65397fa7eb"), 
    "customer" : ObjectId("5f1ac4d9cce33f65397fa80a"), 
    "createdAt" : ISODate("2020-07-23T20:38:13.673+0000"), 
    "balance" : NumberInt(0), 
    "isAdminFees" : false, 
    "__v" : NumberInt(0)
}
{ 
    "_id" : ObjectId("5f1ac4e9cce33f65397fa80f"), 
    "supplier" : ObjectId("5f1a9c45cce33f65397fa7eb"), 
    "customer" : ObjectId("5f1ac4e9cce33f65397fa80e"), 
    "createdAt" : ISODate("2020-07-23T20:38:13.673+0000"), 
    "balance" : NumberInt(0), 
    "isAdminFees" : false, 
    "__v" : NumberInt(0)
}
{ 
    "_id" : ObjectId("5f1ac50bcce33f65397fa813"), 
    "supplier" : ObjectId("5f1a9c45cce33f65397fa7eb"), 
    "customer" : ObjectId("5f1ac50bcce33f65397fa812"), 
    "createdAt" : ISODate("2020-07-23T20:38:13.673+0000"), 
    "balance" : NumberInt(0), 
    "isAdminFees" : false, 
    "__v" : NumberInt(0)
}
{ 
    "_id" : ObjectId("5f1ac573cce33f65397fa817"), 
    "supplier" : ObjectId("5f1a9c45cce33f65397fa7eb"), 
    "customer" : ObjectId("5ea87662d8d93354f6161315"), 
    "createdAt" : ISODate("2020-07-23T20:38:13.673+0000"), 
    "balance" : NumberInt(0), 
    "isAdminFees" : false, 
    "__v" : NumberInt(0)
}
{ 
    "_id" : ObjectId("5f1ac685cce33f65397fa820"), 
    "supplier" : ObjectId("5f1a9c45cce33f65397fa7eb"), 
    "customer" : ObjectId("5f1ac685cce33f65397fa81f"), 
    "createdAt" : ISODate("2020-07-23T20:38:13.673+0000"), 
    "balance" : NumberInt(0), 
    "isAdminFees" : false, 
    "__v" : NumberInt(0)
}
{ 
    "_id" : ObjectId("5f3b8463687ef766db4a8a6e"), 
    "supplier" : ObjectId("5f1a9c45cce33f65397fa7eb"), 
    "customer" : ObjectId("5f3b8463687ef766db4a8a6d"), 
    "createdAt" : ISODate("2020-07-25T08:31:55.422+0000"), 
    "balance" : NumberInt(0), 
    "isAdminFees" : false, 
    "__v" : NumberInt(0)
}
{ 
    "_id" : ObjectId("5f3c27f6687ef766db4a8a81"), 
    "supplier" : ObjectId("5ef8e0ded8d93354f6161356"), 
    "customer" : ObjectId("5f3c27f6687ef766db4a8a80"), 
    "createdAt" : ISODate("2020-07-25T08:31:55.422+0000"), 
    "balance" : NumberInt(0), 
    "isAdminFees" : false, 
    "__v" : NumberInt(0)
}
{ 
    "_id" : ObjectId("5f3c2804687ef766db4a8a85"), 
    "supplier" : ObjectId("5ef8e0ded8d93354f6161356"), 
    "customer" : ObjectId("5f3c2804687ef766db4a8a84"), 
    "createdAt" : ISODate("2020-07-25T08:31:55.422+0000"), 
    "balance" : NumberInt(0), 
    "isAdminFees" : false, 
    "__v" : NumberInt(0)
}
{ 
    "_id" : ObjectId("5f3c2812687ef766db4a8a89"), 
    "supplier" : ObjectId("5ef8e0ded8d93354f6161356"), 
    "customer" : ObjectId("5f3c2812687ef766db4a8a88"), 
    "createdAt" : ISODate("2020-07-25T08:31:55.422+0000"), 
    "balance" : NumberInt(0), 
    "isAdminFees" : false, 
    "__v" : NumberInt(0)
}
{ 
    "_id" : ObjectId("5f3c281e687ef766db4a8a8d"), 
    "supplier" : ObjectId("5ef8e0ded8d93354f6161356"), 
    "customer" : ObjectId("5f3c281e687ef766db4a8a8c"), 
    "createdAt" : ISODate("2020-07-25T08:31:55.422+0000"), 
    "balance" : NumberInt(0), 
    "isAdminFees" : false, 
    "__v" : NumberInt(0)
}
{ 
    "_id" : ObjectId("5f411a524fd10364fd9d30eb"), 
    "supplier" : ObjectId("5f41175c4fd10364fd9d30e3"), 
    "customer" : ObjectId("5f411a524fd10364fd9d30ea"), 
    "createdAt" : ISODate("2020-08-22T15:53:57.670+0000"), 
    "balance" : NumberInt(0), 
    "isAdminFees" : false, 
    "__v" : NumberInt(0)
}
{ 
    "_id" : ObjectId("5f427ff43447c72f4a87572d"), 
    "supplier" : ObjectId("5ea86eb7d8d93354f616130a"), 
    "customer" : ObjectId("5f427ff43447c72f4a87572c"), 
    "createdAt" : ISODate("2020-08-23T16:48:13.805+0000"), 
    "balance" : NumberInt(0), 
    "isAdminFees" : false, 
    "__v" : NumberInt(0)
}
{ 
    "_id" : ObjectId("5f427ff43447c72f4a87572e"), 
    "supplier" : ObjectId("5f1a9c45cce33f65397fa7eb"), 
    "customer" : ObjectId("5f427ff43447c72f4a87572c"), 
    "createdAt" : ISODate("2020-08-23T16:48:13.805+0000"), 
    "balance" : NumberInt(0), 
    "isAdminFees" : false, 
    "__v" : NumberInt(0)
}
{ 
    "_id" : ObjectId("5f4280023447c72f4a875732"), 
    "supplier" : ObjectId("5ea86eb7d8d93354f616130a"), 
    "customer" : ObjectId("5f4280023447c72f4a875731"), 
    "createdAt" : ISODate("2020-08-23T16:48:13.805+0000"), 
    "balance" : NumberInt(0), 
    "isAdminFees" : false, 
    "__v" : NumberInt(0)
}
{ 
    "_id" : ObjectId("5f4280023447c72f4a875733"), 
    "supplier" : ObjectId("5f1a9c45cce33f65397fa7eb"), 
    "customer" : ObjectId("5f4280023447c72f4a875731"), 
    "createdAt" : ISODate("2020-08-23T16:48:13.805+0000"), 
    "balance" : NumberInt(0), 
    "isAdminFees" : false, 
    "__v" : NumberInt(0)
}
{ 
    "_id" : ObjectId("5f4280083447c72f4a875737"), 
    "supplier" : ObjectId("5ea86eb7d8d93354f616130a"), 
    "customer" : ObjectId("5f4280083447c72f4a875736"), 
    "createdAt" : ISODate("2020-08-23T16:48:13.805+0000"), 
    "balance" : NumberInt(0), 
    "isAdminFees" : false, 
    "__v" : NumberInt(0)
}
{ 
    "_id" : ObjectId("5f4280083447c72f4a875738"), 
    "supplier" : ObjectId("5f1a9c45cce33f65397fa7eb"), 
    "customer" : ObjectId("5f4280083447c72f4a875736"), 
    "createdAt" : ISODate("2020-08-23T16:48:13.805+0000"), 
    "balance" : NumberInt(0), 
    "isAdminFees" : false, 
    "__v" : NumberInt(0)
}
{ 
    "_id" : ObjectId("5f4280353447c72f4a87573c"), 
    "supplier" : ObjectId("5ea86eb7d8d93354f616130a"), 
    "customer" : ObjectId("5f4280353447c72f4a87573b"), 
    "createdAt" : ISODate("2020-08-23T16:48:13.805+0000"), 
    "balance" : NumberInt(0), 
    "isAdminFees" : false, 
    "__v" : NumberInt(0)
}
{ 
    "_id" : ObjectId("5f4280353447c72f4a87573d"), 
    "supplier" : ObjectId("5f1a9c45cce33f65397fa7eb"), 
    "customer" : ObjectId("5f4280353447c72f4a87573b"), 
    "createdAt" : ISODate("2020-08-23T16:48:13.805+0000"), 
    "balance" : NumberInt(0), 
    "isAdminFees" : false, 
    "__v" : NumberInt(0)
}
{ 
    "_id" : ObjectId("5f42804d3447c72f4a875741"), 
    "supplier" : ObjectId("5ea86eb7d8d93354f616130a"), 
    "customer" : ObjectId("5f42804d3447c72f4a875740"), 
    "createdAt" : ISODate("2020-08-23T16:48:13.805+0000"), 
    "balance" : NumberInt(0), 
    "isAdminFees" : false, 
    "__v" : NumberInt(0)
}
{ 
    "_id" : ObjectId("5f42804d3447c72f4a875742"), 
    "supplier" : ObjectId("5f1a9c45cce33f65397fa7eb"), 
    "customer" : ObjectId("5f42804d3447c72f4a875740"), 
    "createdAt" : ISODate("2020-08-23T16:48:13.805+0000"), 
    "balance" : NumberInt(0), 
    "isAdminFees" : false, 
    "__v" : NumberInt(0)
}
{ 
    "_id" : ObjectId("5f42a7246f0d7d32989a8280"), 
    "supplier" : ObjectId("5f41175c4fd10364fd9d30e3"), 
    "customer" : ObjectId("5f42a7246f0d7d32989a827f"), 
    "createdAt" : ISODate("2020-08-23T17:43:23.804+0000"), 
    "balance" : NumberInt(0), 
    "isAdminFees" : false, 
    "__v" : NumberInt(0)
}
{ 
    "_id" : ObjectId("5f42aef1931d8d39b52bba44"), 
    "supplier" : ObjectId("5f41175c4fd10364fd9d30e3"), 
    "customer" : ObjectId("5f42aef1931d8d39b52bba43"), 
    "createdAt" : ISODate("2020-08-23T20:57:16.840+0000"), 
    "balance" : NumberInt(0), 
    "isAdminFees" : false, 
    "__v" : NumberInt(0)
}
{ 
    "_id" : ObjectId("5f456b0995b1207f0d403b9d"), 
    "supplier" : ObjectId("5f1a9c45cce33f65397fa7eb"), 
    "customer" : ObjectId("5f456b0995b1207f0d403b9c"), 
    "createdAt" : ISODate("2020-08-24T23:00:17.115+0000"), 
    "balance" : NumberInt(0), 
    "isAdminFees" : false, 
    "__v" : NumberInt(0)
}
{ 
    "_id" : ObjectId("5f456b1d95b1207f0d403ba1"), 
    "supplier" : ObjectId("5f1a9c45cce33f65397fa7eb"), 
    "customer" : ObjectId("5f456b1d95b1207f0d403ba0"), 
    "createdAt" : ISODate("2020-08-24T23:00:17.115+0000"), 
    "balance" : NumberInt(0), 
    "isAdminFees" : false, 
    "__v" : NumberInt(0)
}
{ 
    "_id" : ObjectId("5f456b3895b1207f0d403ba5"), 
    "supplier" : ObjectId("5f1a9c45cce33f65397fa7eb"), 
    "customer" : ObjectId("5f456b3895b1207f0d403ba4"), 
    "createdAt" : ISODate("2020-08-24T23:00:17.115+0000"), 
    "balance" : NumberInt(0), 
    "isAdminFees" : false, 
    "__v" : NumberInt(0)
}
{ 
    "_id" : ObjectId("5f456b9b95b1207f0d403ba9"), 
    "supplier" : ObjectId("5f1a9c45cce33f65397fa7eb"), 
    "customer" : ObjectId("5f456b9b95b1207f0d403ba8"), 
    "createdAt" : ISODate("2020-08-24T23:00:17.115+0000"), 
    "balance" : NumberInt(0), 
    "isAdminFees" : false, 
    "__v" : NumberInt(0)
}
{ 
    "_id" : ObjectId("5f456ba395b1207f0d403bad"), 
    "supplier" : ObjectId("5f1a9c45cce33f65397fa7eb"), 
    "customer" : ObjectId("5f456ba395b1207f0d403bac"), 
    "createdAt" : ISODate("2020-08-24T23:00:17.115+0000"), 
    "balance" : NumberInt(0), 
    "isAdminFees" : false, 
    "__v" : NumberInt(0)
}
{ 
    "_id" : ObjectId("5f456bbd95b1207f0d403bb1"), 
    "supplier" : ObjectId("5f1a9c45cce33f65397fa7eb"), 
    "customer" : ObjectId("5f456bbd95b1207f0d403bb0"), 
    "createdAt" : ISODate("2020-08-24T23:00:17.115+0000"), 
    "balance" : NumberInt(0), 
    "isAdminFees" : false, 
    "__v" : NumberInt(0)
}
{ 
    "_id" : ObjectId("5f456bca95b1207f0d403bb5"), 
    "supplier" : ObjectId("5f1a9c45cce33f65397fa7eb"), 
    "customer" : ObjectId("5f456bca95b1207f0d403bb4"), 
    "createdAt" : ISODate("2020-08-24T23:00:17.115+0000"), 
    "balance" : NumberInt(0), 
    "isAdminFees" : false, 
    "__v" : NumberInt(0)
}
{ 
    "_id" : ObjectId("5f456be795b1207f0d403bbb"), 
    "supplier" : ObjectId("5f1a9c45cce33f65397fa7eb"), 
    "customer" : ObjectId("5f456be795b1207f0d403bba"), 
    "createdAt" : ISODate("2020-08-24T23:00:17.115+0000"), 
    "balance" : NumberInt(0), 
    "isAdminFees" : false, 
    "__v" : NumberInt(0)
}
{ 
    "_id" : ObjectId("5f456bf495b1207f0d403bbf"), 
    "supplier" : ObjectId("5f1a9c45cce33f65397fa7eb"), 
    "customer" : ObjectId("5f456bf495b1207f0d403bbe"), 
    "createdAt" : ISODate("2020-08-24T23:00:17.115+0000"), 
    "balance" : NumberInt(0), 
    "isAdminFees" : false, 
    "__v" : NumberInt(0)
}
{ 
    "_id" : ObjectId("5f456c0795b1207f0d403bc3"), 
    "supplier" : ObjectId("5f1a9c45cce33f65397fa7eb"), 
    "customer" : ObjectId("5f456c0795b1207f0d403bc2"), 
    "createdAt" : ISODate("2020-08-24T23:00:17.115+0000"), 
    "balance" : NumberInt(0), 
    "isAdminFees" : false, 
    "__v" : NumberInt(0)
}
{ 
    "_id" : ObjectId("5f456c1595b1207f0d403bc7"), 
    "supplier" : ObjectId("5f1a9c45cce33f65397fa7eb"), 
    "customer" : ObjectId("5f456c1595b1207f0d403bc6"), 
    "createdAt" : ISODate("2020-08-24T23:00:17.115+0000"), 
    "balance" : NumberInt(0), 
    "isAdminFees" : false, 
    "__v" : NumberInt(0)
}
{ 
    "_id" : ObjectId("5f456c9895b1207f0d403bcb"), 
    "supplier" : ObjectId("5f1a9c45cce33f65397fa7eb"), 
    "customer" : ObjectId("5f456c9895b1207f0d403bca"), 
    "createdAt" : ISODate("2020-08-24T23:00:17.115+0000"), 
    "balance" : NumberInt(0), 
    "isAdminFees" : false, 
    "__v" : NumberInt(0)
}
{ 
    "_id" : ObjectId("5f45a239d0da7f4f7b1dbb6c"), 
    "supplier" : ObjectId("5f1a9c45cce33f65397fa7eb"), 
    "customer" : ObjectId("5f45a239d0da7f4f7b1dbb6b"), 
    "createdAt" : ISODate("2020-08-26T02:38:21.989+0000"), 
    "balance" : NumberInt(0), 
    "isAdminFees" : false, 
    "__v" : NumberInt(0)
}
{ 
    "_id" : ObjectId("5f47658134139609320c242e"), 
    "supplier" : ObjectId("5f1a9c45cce33f65397fa7eb"), 
    "customer" : ObjectId("5f47658134139609320c242d"), 
    "createdAt" : ISODate("2020-08-26T18:36:40.048+0000"), 
    "balance" : NumberInt(0), 
    "isAdminFees" : false, 
    "__v" : NumberInt(0)
}
{ 
    "_id" : ObjectId("5f4a6fce9f78705936d53071"), 
    "supplier" : ObjectId("5f4a6f019f78705936d5306b"), 
    "customer" : ObjectId("5f4a6fce9f78705936d53070"), 
    "createdAt" : ISODate("2020-08-29T17:52:15.235+0000"), 
    "balance" : NumberInt(0), 
    "isAdminFees" : false, 
    "__v" : NumberInt(0)
}
{ 
    "_id" : ObjectId("5f4aa45543ce3f5fb73ea208"), 
    "supplier" : ObjectId("5f4aa3d443ce3f5fb73ea202"), 
    "customer" : ObjectId("5f4aa45543ce3f5fb73ea207"), 
    "createdAt" : ISODate("2020-08-29T21:44:36.671+0000"), 
    "balance" : NumberInt(0), 
    "isAdminFees" : false, 
    "__v" : NumberInt(0)
}
{ 
    "_id" : ObjectId("5f4aab3c43ce3f5fb73ea213"), 
    "supplier" : ObjectId("5f4a6f019f78705936d5306b"), 
    "customer" : ObjectId("5f4aab3c43ce3f5fb73ea212"), 
    "createdAt" : ISODate("2020-08-29T21:44:36.671+0000"), 
    "balance" : NumberInt(0), 
    "isAdminFees" : false, 
    "__v" : NumberInt(0)
}
{ 
    "_id" : ObjectId("5f4ab2a243ce3f5fb73ea220"), 
    "supplier" : ObjectId("5f4a6f019f78705936d5306b"), 
    "customer" : ObjectId("5f4ab2a243ce3f5fb73ea21f"), 
    "createdAt" : ISODate("2020-08-29T21:44:36.671+0000"), 
    "balance" : NumberInt(0), 
    "isAdminFees" : false, 
    "__v" : NumberInt(0)
}
{ 
    "_id" : ObjectId("5f4bc503adc4d51af535b380"), 
    "supplier" : ObjectId("5f1a9c45cce33f65397fa7eb"), 
    "customer" : ObjectId("5f4bc503adc4d51af535b37f"), 
    "createdAt" : ISODate("2020-08-30T18:03:04.977+0000"), 
    "balance" : NumberInt(0), 
    "isAdminFees" : false, 
    "__v" : NumberInt(0)
}
{ 
    "_id" : ObjectId("5f4bc508adc4d51af535b384"), 
    "supplier" : ObjectId("5f1a9c45cce33f65397fa7eb"), 
    "customer" : ObjectId("5f4bc508adc4d51af535b383"), 
    "createdAt" : ISODate("2020-08-30T18:03:04.977+0000"), 
    "balance" : NumberInt(0), 
    "isAdminFees" : false, 
    "__v" : NumberInt(0)
}
{ 
    "_id" : ObjectId("5f4bc575adc4d51af535b389"), 
    "supplier" : ObjectId("5f1a9c45cce33f65397fa7eb"), 
    "customer" : ObjectId("5f4bc575adc4d51af535b388"), 
    "createdAt" : ISODate("2020-08-30T18:03:04.977+0000"), 
    "balance" : NumberInt(0), 
    "isAdminFees" : false, 
    "__v" : NumberInt(0)
}
{ 
    "_id" : ObjectId("5f4ca6ee22c0291c7f2e5fb7"), 
    "supplier" : ObjectId("5f1a9c45cce33f65397fa7eb"), 
    "customer" : ObjectId("5f4ca6ee22c0291c7f2e5fb6"), 
    "createdAt" : ISODate("2020-08-30T18:39:15.312+0000"), 
    "balance" : NumberInt(0), 
    "isAdminFees" : false, 
    "__v" : NumberInt(0)
}
{ 
    "_id" : ObjectId("5f4d264122c0291c7f2e5fc3"), 
    "supplier" : ObjectId("5f1a9c45cce33f65397fa7eb"), 
    "customer" : ObjectId("5f4d264122c0291c7f2e5fc2"), 
    "createdAt" : ISODate("2020-08-30T18:39:15.312+0000"), 
    "balance" : NumberInt(0), 
    "isAdminFees" : false, 
    "__v" : NumberInt(0)
}
{ 
    "_id" : ObjectId("5f4de2c81d2357606dfa18a2"), 
    "supplier" : ObjectId("5ea86eb7d8d93354f616130a"), 
    "customer" : ObjectId("5f4de2c81d2357606dfa18a1"), 
    "createdAt" : ISODate("2020-09-01T08:15:18.878+0000"), 
    "balance" : NumberInt(0), 
    "isAdminFees" : false, 
    "__v" : NumberInt(0)
}
{ 
    "_id" : ObjectId("5f4de32f1d2357606dfa18a5"), 
    "supplier" : ObjectId("5f1a9c45cce33f65397fa7eb"), 
    "customer" : ObjectId("5f4de2c81d2357606dfa18a1"), 
    "createdAt" : ISODate("2020-09-01T08:15:18.878+0000"), 
    "balance" : NumberInt(0), 
    "isAdminFees" : false, 
    "__v" : NumberInt(0)
}
{ 
    "_id" : ObjectId("5f55f7bb8d911f4a04884d91"), 
    "supplier" : ObjectId("5f1a9c45cce33f65397fa7eb"), 
    "customer" : ObjectId("5f55f7bb8d911f4a04884d90"), 
    "createdAt" : ISODate("2020-09-06T13:14:09.573+0000"), 
    "balance" : NumberInt(0), 
    "isAdminFees" : false, 
    "__v" : NumberInt(0)
}
{ 
    "_id" : ObjectId("5f7d6a980e9f621d8f7c8c04"), 
    "supplier" : ObjectId("5f1a9c45cce33f65397fa7eb"), 
    "customer" : ObjectId("5f7d6a980e9f621d8f7c8c03"), 
    "createdAt" : ISODate("2020-09-20T20:30:44.308+0000"), 
    "balance" : NumberInt(0), 
    "isAdminFees" : false, 
    "__v" : NumberInt(0)
}
{ 
    "_id" : ObjectId("60450b7e27370a6aecc33028"), 
    "supplier" : ObjectId("5f1a9c45cce33f65397fa7eb"), 
    "customer" : ObjectId("60450b7e27370a6aecc33027"), 
    "createdAt" : ISODate("2021-03-07T20:20:46.323+0000"), 
    "balance" : NumberInt(0), 
    "isAdminFees" : false, 
    "__v" : NumberInt(0)
}
{ 
    "_id" : ObjectId("60a8fb075d6faa50100aee15"), 
    "supplier" : ObjectId("5ea86eb7d8d93354f616130a"), 
    "customer" : ObjectId("60a8fb075d6faa50100aee14"), 
    "createdAt" : ISODate("2021-05-22T15:29:56.061+0000"), 
    "balance" : NumberInt(0), 
    "isAdminFees" : false, 
    "__v" : NumberInt(0)
}
{ 
    "_id" : ObjectId("60bb59c21534ac396058efbc"), 
    "supplier" : ObjectId("60bb2ebf864f657f35d5cb11"), 
    "customer" : ObjectId("60bb59c11534ac396058efbb"), 
    "createdAt" : ISODate("2021-06-05T13:59:22.377+0000"), 
    "balance" : NumberInt(0), 
    "isAdminFees" : false, 
    "__v" : NumberInt(0)
}
