{ 
    "_id" : ObjectId("5ea87662d8d93354f6161315"), 
    "representativeName" : "coffee", 
    "commercialRegister" : "1234567890", 
    "commercialRegisterPhoto" : "https://supplieson.com/api/upload/image/e5fd5ba495e0583ec5a645c00e3ce68d", 
    "commercialRegisterExpireDate" : ISODate("2023-04-23T21:00:00.000+0000"), 
    "commercialRegisterExpireDateIslamic" : null, 
    "user" : ObjectId("5f3ccfb0687ef766db4a8a9a"), 
    "createdAt" : ISODate("2020-04-28T21:30:58.995+0000"), 
    "payingSoon" : false, 
    "dueDateMissed" : false, 
    "deleted" : false, 
    "coverPhoto" : "https://supplieson.com/images/https://supplieson.com/images/https://supplieson.com/images/https://supplieson.com/images/https://supplieson.com/images/1fbdcdb97fbfdf5852f5dd7934d9a7e3", 
    "location" : {
        "address" : "19212، السعودية", 
        "coordinates" : [
            23.8859, 
            45.0792
        ], 
        "type" : "Point"
    }, 
    "status" : "Active", 
    "photo" : "https://supplieson.com/images/https://supplieson.com/images/https://supplieson.com/images/https://supplieson.com/images/https://supplieson.com/images/1fbdcdb97fbfdf5852f5dd7934d9a7e3", 
    "staff" : [
        ObjectId("5f3ccf73687ef766db4a8a99"), 
        ObjectId("5f3ccfb0687ef766db4a8a9a"), 
        ObjectId("5f40d860687ef766db4a8aa5"), 
        ObjectId("5f40da35687ef766db4a8aa7"), 
        ObjectId("5f40dc85687ef766db4a8aaa")
    ], 
    "__v" : NumberInt(0), 
    "branch" : ObjectId("5ea87663d8d93354f6161318"), 
    "type" : "Customer"
}
{ 
    "_id" : ObjectId("5f1ac685cce33f65397fa81f"), 
    "representativeName" : "baking", 
    "commercialRegister" : "2050212052", 
    "commercialRegisterPhoto" : "https://supplieson.com/api/upload/image/f71d795225cefd5fbb7a84e69dc094d9", 
    "commercialRegisterExpireDate" : ISODate("2023-07-17T21:00:00.000+0000"), 
    "commercialRegisterExpireDateIslamic" : null, 
    "user" : ObjectId("5f1ac685cce33f65397fa81e"), 
    "createdAt" : ISODate("2020-07-24T14:31:17.139+0000"), 
    "payingSoon" : false, 
    "dueDateMissed" : false, 
    "deleted" : false, 
    "coverPhoto" : "1fbdcdb97fbfdf5852f5dd7934d9a7e3", 
    "location" : {
        "address" : "Unnamed Road Saudi Arabia", 
        "coordinates" : [
            23.53383545174399, 
            44.92539140625
        ], 
        "type" : "Point"
    }, 
    "status" : "Active", 
    "photo" : "1fbdcdb97fbfdf5852f5dd7934d9a7e3", 
    "staff" : [

    ], 
    "__v" : NumberInt(0), 
    "branch" : ObjectId("5f1ac685cce33f65397fa822"), 
    "type" : "Customer"
}
{ 
    "_id" : ObjectId("5f411a524fd10364fd9d30ea"), 
    "representativeName" : "coffeetest", 
    "commercialRegister" : "1111111111", 
    "commercialRegisterPhoto" : "https://supplieson.com/api/upload/image/52ed64ac30c90b21959f28c413b5b6b3", 
    "commercialRegisterExpireDate" : null, 
    "commercialRegisterExpireDateIslamic" : ISODate("1442-01-25T21:00:00.000+0000"), 
    "user" : ObjectId("5f411bd44fd10364fd9d30f2"), 
    "createdAt" : ISODate("2020-08-22T16:14:58.260+0000"), 
    "payingSoon" : false, 
    "dueDateMissed" : false, 
    "deleted" : false, 
    "coverPhoto" : "https://supplieson.com/images/https://supplieson.com/images/https://supplieson.com/images/https://supplieson.com/images/1fbdcdb97fbfdf5852f5dd7934d9a7e3", 
    "location" : {
        "address" : "19212, Saudi Arabia", 
        "coordinates" : [
            23.8859, 
            45.0792
        ], 
        "type" : "Point"
    }, 
    "status" : "Active", 
    "photo" : "https://supplieson.com/images/https://supplieson.com/images/https://supplieson.com/images/https://supplieson.com/images/1fbdcdb97fbfdf5852f5dd7934d9a7e3", 
    "staff" : [
        ObjectId("5f411b784fd10364fd9d30f0"), 
        ObjectId("5f411baf4fd10364fd9d30f1"), 
        ObjectId("5f411bd44fd10364fd9d30f2"), 
        ObjectId("5f419fec4fd10364fd9d30f3")
    ], 
    "__v" : NumberInt(0), 
    "branch" : ObjectId("5f411a524fd10364fd9d30ed"), 
    "type" : "Customer"
}
{ 
    "_id" : ObjectId("5f42a7246f0d7d32989a827f"), 
    "representativeName" : "maliks & co", 
    "commercialRegister" : "1234567888", 
    "commercialRegisterPhoto" : "https://supplieson.com/api/upload/image/81e37aa09f76abfe53924f5d151a4a5f", 
    "commercialRegisterExpireDate" : null, 
    "commercialRegisterExpireDateIslamic" : ISODate("1442-01-23T21:00:00.000+0000"), 
    "user" : ObjectId("5f42a7246f0d7d32989a827e"), 
    "createdAt" : ISODate("2020-08-23T20:28:04.921+0000"), 
    "payingSoon" : false, 
    "dueDateMissed" : false, 
    "deleted" : false, 
    "coverPhoto" : "1fbdcdb97fbfdf5852f5dd7934d9a7e3", 
    "location" : {
        "address" : "19212, Saudi Arabia", 
        "coordinates" : [
            23.8859, 
            45.0792
        ], 
        "type" : "Point"
    }, 
    "status" : "Active", 
    "photo" : "1fbdcdb97fbfdf5852f5dd7934d9a7e3", 
    "staff" : [

    ], 
    "__v" : NumberInt(0), 
    "branch" : ObjectId("5f42a7256f0d7d32989a8282"), 
    "type" : "Customer"
}
{ 
    "_id" : ObjectId("5f42aef1931d8d39b52bba43"), 
    "representativeName" : "113131", 
    "commercialRegister" : "1132131321", 
    "commercialRegisterPhoto" : "https://supplieson.com/api/upload/image/8c5a55805d64c2d4ece786e81be6b1b2", 
    "commercialRegisterExpireDate" : ISODate("2020-08-29T21:00:00.000+0000"), 
    "commercialRegisterExpireDateIslamic" : null, 
    "user" : ObjectId("5f4a65c63c238257477e2e76"), 
    "createdAt" : ISODate("2020-08-23T21:01:21.674+0000"), 
    "payingSoon" : false, 
    "dueDateMissed" : false, 
    "deleted" : false, 
    "coverPhoto" : "https://supplieson.com/images/https://supplieson.com/images/https://supplieson.com/images/https://supplieson.com/images/https://supplieson.com/images/https://supplieson.com/images/1fbdcdb97fbfdf5852f5dd7934d9a7e3", 
    "location" : {
        "address" : "19212, Saudi Arabia", 
        "coordinates" : [
            23.8859, 
            45.0792
        ], 
        "type" : "Point"
    }, 
    "status" : "Active", 
    "photo" : "https://supplieson.com/images/https://supplieson.com/images/https://supplieson.com/images/https://supplieson.com/images/https://supplieson.com/images/https://supplieson.com/images/1fbdcdb97fbfdf5852f5dd7934d9a7e3", 
    "staff" : [
        ObjectId("5f43d425931d8d39b52bba48"), 
        ObjectId("5f440a83931d8d39b52bba49"), 
        ObjectId("5f467184d0da7f4f7b1dbb76"), 
        ObjectId("5f4a5b201111bb265a265273"), 
        ObjectId("5f4a65c63c238257477e2e76"), 
        ObjectId("5f4a66983c238257477e2e77")
    ], 
    "__v" : NumberInt(0), 
    "branch" : ObjectId("5f42aef1931d8d39b52bba46"), 
    "type" : "Customer"
}
{ 
    "_id" : ObjectId("5f456c9895b1207f0d403bca"), 
    "representativeName" : "test wallah", 
    "commercialRegister" : "2050212055", 
    "commercialRegisterPhoto" : "https://supplieson.com/api/upload/image/f5067a698e461fc03355c27aa88e6ab2", 
    "commercialRegisterExpireDate" : null, 
    "commercialRegisterExpireDateIslamic" : ISODate("1444-01-18T21:00:00.000+0000"), 
    "user" : ObjectId("5f456c9895b1207f0d403bc9"), 
    "createdAt" : ISODate("2020-08-25T22:55:04.567+0000"), 
    "payingSoon" : false, 
    "dueDateMissed" : false, 
    "deleted" : false, 
    "coverPhoto" : "https://supplieson.com/images/https://supplieson.com/images/https://supplieson.com/images/1fbdcdb97fbfdf5852f5dd7934d9a7e3", 
    "location" : {
        "address" : "19212, Saudi Arabia", 
        "coordinates" : [
            23.8859, 
            45.0792
        ], 
        "type" : "Point"
    }, 
    "status" : "Active", 
    "photo" : "https://supplieson.com/images/https://supplieson.com/images/https://supplieson.com/images/1fbdcdb97fbfdf5852f5dd7934d9a7e3", 
    "staff" : [
        ObjectId("5f46307bd0da7f4f7b1dbb73"), 
        ObjectId("5f4630f5d0da7f4f7b1dbb74"), 
        ObjectId("5f46316ed0da7f4f7b1dbb75")
    ], 
    "__v" : NumberInt(0), 
    "branch" : ObjectId("5f456c9895b1207f0d403bcd"), 
    "type" : "Customer"
}
{ 
    "_id" : ObjectId("5f45a239d0da7f4f7b1dbb6b"), 
    "representativeName" : "testpermission", 
    "commercialRegister" : "2111211333", 
    "commercialRegisterPhoto" : "https://supplieson.com/api/upload/image/dc01117ffe03db514c550171bf4b3ac7", 
    "commercialRegisterExpireDate" : ISODate("2024-08-25T21:00:00.000+0000"), 
    "commercialRegisterExpireDateIslamic" : null, 
    "user" : ObjectId("5f45a239d0da7f4f7b1dbb6a"), 
    "createdAt" : ISODate("2020-08-26T02:43:53.881+0000"), 
    "payingSoon" : false, 
    "dueDateMissed" : false, 
    "deleted" : false, 
    "coverPhoto" : "https://supplieson.com/images/https://supplieson.com/images/1fbdcdb97fbfdf5852f5dd7934d9a7e3", 
    "location" : {
        "address" : "Hofuf Taxi Stand, King Abdulaziz Road, Al Hofuf Saudi Arabia", 
        "coordinates" : [
            25.3802705, 
            49.5885666
        ], 
        "type" : "Point"
    }, 
    "status" : "Active", 
    "photo" : "https://supplieson.com/images/https://supplieson.com/images/1fbdcdb97fbfdf5852f5dd7934d9a7e3", 
    "staff" : [
        ObjectId("5f4677fbd0da7f4f7b1dbb77"), 
        ObjectId("5f467894d0da7f4f7b1dbb79")
    ], 
    "__v" : NumberInt(0), 
    "branch" : ObjectId("5f45a239d0da7f4f7b1dbb6e"), 
    "type" : "Customer"
}
{ 
    "_id" : ObjectId("5f4a6fce9f78705936d53070"), 
    "representativeName" : "ondemand", 
    "commercialRegister" : "1234564454", 
    "commercialRegisterPhoto" : "https://supplieson.com/api/upload/image/afa7d2941a6f49d1472bd2b79a60ce86", 
    "commercialRegisterExpireDate" : ISODate("2020-09-26T21:00:00.000+0000"), 
    "commercialRegisterExpireDateIslamic" : null, 
    "user" : ObjectId("5f4a718b9f78705936d53075"), 
    "createdAt" : ISODate("2020-08-29T18:10:06.535+0000"), 
    "payingSoon" : false, 
    "dueDateMissed" : false, 
    "deleted" : false, 
    "coverPhoto" : "https://supplieson.com/images/https://supplieson.com/images/1fbdcdb97fbfdf5852f5dd7934d9a7e3", 
    "location" : {
        "address" : "19212, Saudi Arabia", 
        "coordinates" : [
            23.8859, 
            45.0792
        ], 
        "type" : "Point"
    }, 
    "status" : "Active", 
    "photo" : "https://supplieson.com/images/https://supplieson.com/images/1fbdcdb97fbfdf5852f5dd7934d9a7e3", 
    "staff" : [
        ObjectId("5f4a718b9f78705936d53075"), 
        ObjectId("5f4a96307d180f5e24895ce5")
    ], 
    "__v" : NumberInt(0), 
    "branch" : ObjectId("5f4a6fce9f78705936d53073"), 
    "type" : "Customer"
}
{ 
    "_id" : ObjectId("5f4aa45543ce3f5fb73ea207"), 
    "representativeName" : "ondemands", 
    "commercialRegister" : "3123132122", 
    "commercialRegisterPhoto" : "https://supplieson.com/api/upload/image/39bff3f00d135b36f6d379e3b45ee82d", 
    "commercialRegisterExpireDate" : ISODate("2020-09-26T21:00:00.000+0000"), 
    "commercialRegisterExpireDateIslamic" : null, 
    "user" : ObjectId("5f4aa45543ce3f5fb73ea206"), 
    "createdAt" : ISODate("2020-08-29T21:54:13.142+0000"), 
    "payingSoon" : false, 
    "dueDateMissed" : false, 
    "deleted" : false, 
    "coverPhoto" : "1fbdcdb97fbfdf5852f5dd7934d9a7e3", 
    "location" : {
        "address" : "19212, Saudi Arabia", 
        "coordinates" : [
            23.8859, 
            45.0792
        ], 
        "type" : "Point"
    }, 
    "status" : "Active", 
    "photo" : "1fbdcdb97fbfdf5852f5dd7934d9a7e3", 
    "staff" : [
        ObjectId("5f4bafe988c88416142f5397"), 
        ObjectId("5f4bb02d88c88416142f5398")
    ], 
    "__v" : NumberInt(0), 
    "branch" : ObjectId("5f4aa45543ce3f5fb73ea20a"), 
    "type" : "Customer"
}
{ 
    "_id" : ObjectId("5f4aab3c43ce3f5fb73ea212"), 
    "representativeName" : "mo customer", 
    "commercialRegister" : "3314235325", 
    "commercialRegisterPhoto" : "https://supplieson.com/api/upload/image/fff6f6125c09812b9656653eb5fdc451", 
    "commercialRegisterExpireDate" : null, 
    "commercialRegisterExpireDateIslamic" : ISODate("1446-01-22T21:00:00.000+0000"), 
    "user" : ObjectId("5f4aab3c43ce3f5fb73ea211"), 
    "createdAt" : ISODate("2020-08-29T22:23:40.121+0000"), 
    "payingSoon" : false, 
    "dueDateMissed" : false, 
    "deleted" : false, 
    "coverPhoto" : "https://supplieson.com/images/1fbdcdb97fbfdf5852f5dd7934d9a7e3", 
    "location" : {
        "address" : "19212, Saudi Arabia", 
        "coordinates" : [
            23.8859, 
            45.0792
        ], 
        "type" : "Point", 
        "city" : ObjectId("6032888f6840cd47eb13d80c")
    }, 
    "status" : "Active", 
    "photo" : "https://supplieson.com/images/1fbdcdb97fbfdf5852f5dd7934d9a7e3", 
    "staff" : [
        ObjectId("5f4aac5c43ce3f5fb73ea21c")
    ], 
    "__v" : NumberInt(0), 
    "branch" : ObjectId("5f4aab3c43ce3f5fb73ea215"), 
    "type" : "Customer"
}
{ 
    "_id" : ObjectId("5f4ab2a243ce3f5fb73ea21f"), 
    "representativeName" : "123", 
    "commercialRegister" : "1121318541", 
    "commercialRegisterPhoto" : "https://supplieson.com/api/upload/image/fbf921055fa5621e0a9ce4985e39eae7", 
    "commercialRegisterExpireDate" : ISODate("2020-10-24T21:00:00.000+0000"), 
    "commercialRegisterExpireDateIslamic" : null, 
    "user" : ObjectId("5f4ab2a243ce3f5fb73ea21e"), 
    "createdAt" : ISODate("2020-08-29T22:55:14.755+0000"), 
    "payingSoon" : false, 
    "dueDateMissed" : false, 
    "deleted" : false, 
    "coverPhoto" : "https://supplieson.com/images/1fbdcdb97fbfdf5852f5dd7934d9a7e3", 
    "location" : {
        "address" : "19212, Saudi Arabia", 
        "coordinates" : [
            23.8859, 
            45.0792
        ], 
        "type" : "Point"
    }, 
    "status" : "Active", 
    "photo" : "https://supplieson.com/images/1fbdcdb97fbfdf5852f5dd7934d9a7e3", 
    "staff" : [
        ObjectId("5f4ab3b743ce3f5fb73ea224")
    ], 
    "__v" : NumberInt(0), 
    "branch" : ObjectId("5f4ab2a243ce3f5fb73ea222"), 
    "type" : "Customer"
}
{ 
    "_id" : ObjectId("5f4bc575adc4d51af535b388"), 
    "representativeName" : "cafemo", 
    "commercialRegister" : "4532543543", 
    "commercialRegisterPhoto" : "https://supplieson.com/api/upload/image/12467f40c7cb4704fa3c6067b8af329e", 
    "commercialRegisterExpireDate" : null, 
    "commercialRegisterExpireDateIslamic" : ISODate("1445-01-26T21:00:00.000+0000"), 
    "user" : ObjectId("5f4bc575adc4d51af535b387"), 
    "createdAt" : ISODate("2020-08-30T18:27:49.151+0000"), 
    "payingSoon" : false, 
    "dueDateMissed" : false, 
    "deleted" : false, 
    "coverPhoto" : "1fbdcdb97fbfdf5852f5dd7934d9a7e3", 
    "location" : {
        "address" : "19212، السعودية", 
        "coordinates" : [
            23.8859, 
            45.0792
        ], 
        "type" : "Point"
    }, 
    "status" : "Active", 
    "photo" : "1fbdcdb97fbfdf5852f5dd7934d9a7e3", 
    "staff" : [
        ObjectId("5f4bc742adc4d51af535b38f"), 
        ObjectId("5f4bc7c2adc4d51af535b390")
    ], 
    "__v" : NumberInt(0), 
    "branch" : ObjectId("5f4bc575adc4d51af535b38b"), 
    "type" : "Customer"
}
{ 
    "_id" : ObjectId("5f4ca6ee22c0291c7f2e5fb6"), 
    "representativeName" : "شركة مصنع القهوة لتقديم الوجبات", 
    "commercialRegister" : "1010500043", 
    "commercialRegisterPhoto" : "https://supplieson.com/api/upload/image/e47ef99c8758a796bc5d6fdf30ee84a3", 
    "commercialRegisterExpireDate" : null, 
    "commercialRegisterExpireDateIslamic" : ISODate("1442-04-12T21:00:00.000+0000"), 
    "user" : ObjectId("5f4ca6ee22c0291c7f2e5fb5"), 
    "createdAt" : ISODate("2020-08-31T10:29:50.866+0000"), 
    "payingSoon" : false, 
    "dueDateMissed" : false, 
    "deleted" : false, 
    "coverPhoto" : "1fbdcdb97fbfdf5852f5dd7934d9a7e3", 
    "location" : {
        "address" : "Fabrica De Cafe, Prince Muhammad Ibn Saad Ibn Abdulaziz Road, Riyadh Saudi Arabia", 
        "coordinates" : [
            24.7664122, 
            46.62365579999999
        ], 
        "type" : "Point", 
        "city" : ObjectId("6032888f6840cd47eb13d80c")
    }, 
    "status" : "Active", 
    "photo" : "1fbdcdb97fbfdf5852f5dd7934d9a7e3", 
    "staff" : [

    ], 
    "__v" : NumberInt(0), 
    "branch" : ObjectId("5f4ca6ef22c0291c7f2e5fb9"), 
    "type" : "Customer"
}
{ 
    "_id" : ObjectId("5f4d264122c0291c7f2e5fc2"), 
    "representativeName" : "coffee taste co.", 
    "commercialRegister" : "2051174627", 
    "commercialRegisterPhoto" : "https://supplieson.com/api/upload/image/b1486baf70560e02399c6b68bd5b92a6", 
    "commercialRegisterExpireDate" : ISODate("2025-08-30T21:00:00.000+0000"), 
    "commercialRegisterExpireDateIslamic" : null, 
    "user" : ObjectId("5f4d264122c0291c7f2e5fc1"), 
    "createdAt" : ISODate("2020-08-31T19:33:05.312+0000"), 
    "payingSoon" : false, 
    "dueDateMissed" : false, 
    "deleted" : false, 
    "coverPhoto" : "1fbdcdb97fbfdf5852f5dd7934d9a7e3", 
    "location" : {
        "address" : "Dose cafe | دوز كافيه | RUH Malqa, Anas Ibn Malik Road, Riyadh Saudi Arabia", 
        "coordinates" : [
            24.8074462, 
            46.6170921
        ], 
        "type" : "Point"
    }, 
    "status" : "Active", 
    "photo" : "1fbdcdb97fbfdf5852f5dd7934d9a7e3", 
    "staff" : [
        ObjectId("5f4d2a3622c0291c7f2e5fca"), 
        ObjectId("5f4d301422c0291c7f2e5fcb"), 
        ObjectId("5f4d306e22c0291c7f2e5fcc"), 
        ObjectId("5f4d4b666d02624c26fcf0e0"), 
        ObjectId("5f4d4bc96d02624c26fcf0e1"), 
        ObjectId("5f4d4c246d02624c26fcf0e2"), 
        ObjectId("5f4d4c846d02624c26fcf0e3"), 
        ObjectId("5f4d4cd36d02624c26fcf0e4"), 
        ObjectId("5f4d4d816d02624c26fcf0e5"), 
        ObjectId("5f4d4db56d02624c26fcf0e6"), 
        ObjectId("5f4d4e086d02624c26fcf0e7"), 
        ObjectId("5f5f156d57ae8212ba0b4a49")
    ], 
    "__v" : NumberInt(0), 
    "branch" : ObjectId("5f4d264122c0291c7f2e5fc5"), 
    "type" : "Customer"
}
{ 
    "_id" : ObjectId("5f4de2c81d2357606dfa18a1"), 
    "representativeName" : "vegetables basket", 
    "commercialRegister" : "4364564344", 
    "commercialRegisterPhoto" : "https://supplieson.com/api/upload/image/413ad0d7918db770b94818b37b7d1f5c", 
    "commercialRegisterExpireDate" : ISODate("2025-09-01T00:00:00.000+0000"), 
    "commercialRegisterExpireDateIslamic" : null, 
    "user" : ObjectId("5f4de2c81d2357606dfa18a0"), 
    "createdAt" : ISODate("2020-09-01T08:57:28.974+0000"), 
    "payingSoon" : false, 
    "dueDateMissed" : false, 
    "deleted" : false, 
    "coverPhoto" : "1fbdcdb97fbfdf5852f5dd7934d9a7e3", 
    "location" : {
        "address" : "19212, Saudi Arabia", 
        "coordinates" : [
            23.8859, 
            45.0792
        ], 
        "type" : "Point", 
        "city" : ObjectId("6032888f6840cd47eb13d80c")
    }, 
    "status" : "Active", 
    "photo" : "https://supplieson.com/images/https://supplieson.com/images/1fbdcdb97fbfdf5852f5dd7934d9a7e3", 
    "staff" : [

    ], 
    "__v" : NumberInt(0), 
    "branch" : ObjectId("5f4de2c91d2357606dfa18a4"), 
    "type" : "Customer"
}
{ 
    "_id" : ObjectId("5f55f7bb8d911f4a04884d90"), 
    "representativeName" : "four twins", 
    "commercialRegister" : "1010482249", 
    "commercialRegisterPhoto" : "https://supplieson.com/api/upload/image/7692209f11a4f39ceeff73e6de9b721f", 
    "commercialRegisterExpireDate" : ISODate("2025-08-31T21:00:00.000+0000"), 
    "commercialRegisterExpireDateIslamic" : null, 
    "user" : ObjectId("5f55f7bb8d911f4a04884d8f"), 
    "createdAt" : ISODate("2020-09-07T12:04:59.166+0000"), 
    "payingSoon" : false, 
    "dueDateMissed" : false, 
    "deleted" : false, 
    "coverPhoto" : "1fbdcdb97fbfdf5852f5dd7934d9a7e3", 
    "location" : {
        "address" : "4 Twins Coffee & Sweet, Riyadh Saudi Arabia", 
        "coordinates" : [
            24.888018, 
            46.6970809
        ], 
        "type" : "Point", 
        "city" : ObjectId("6032888f6840cd47eb13d80c")
    }, 
    "status" : "Active", 
    "photo" : "1fbdcdb97fbfdf5852f5dd7934d9a7e3", 
    "staff" : [

    ], 
    "__v" : NumberInt(0), 
    "branch" : ObjectId("5f55f7bb8d911f4a04884d93"), 
    "type" : "Customer"
}
{ 
    "_id" : ObjectId("5f7d6a980e9f621d8f7c8c03"), 
    "representativeName" : "tawazi", 
    "commercialRegister" : "2051174581", 
    "commercialRegisterPhoto" : "https://supplieson.com/api/upload/image/1b56673a1d588449edf0a88605fd348a", 
    "commercialRegisterExpireDate" : ISODate("2021-12-15T00:00:00.000+0000"), 
    "commercialRegisterExpireDateIslamic" : null, 
    "user" : ObjectId("5f7d6a980e9f621d8f7c8c02"), 
    "createdAt" : ISODate("2020-10-07T10:13:28.720+0000"), 
    "payingSoon" : false, 
    "dueDateMissed" : false, 
    "deleted" : false, 
    "coverPhoto" : "1fbdcdb97fbfdf5852f5dd7934d9a7e3", 
    "location" : {
        "address" : "3428 Prince Turki Ibn Abdulaziz Al Awwal Rd, An Nakheel, Riyadh 12382 6291, Saudi Arabia", 
        "coordinates" : [
            24.737634620635216, 
            46.631295115184784
        ], 
        "type" : "Point", 
        "city" : ObjectId("6032888f6840cd47eb13d80c")
    }, 
    "status" : "Active", 
    "photo" : "https://supplieson.com/images/1fbdcdb97fbfdf5852f5dd7934d9a7e3", 
    "staff" : [

    ], 
    "__v" : NumberInt(0), 
    "branch" : ObjectId("5f7d6a980e9f621d8f7c8c06"), 
    "type" : "Customer"
}
{ 
    "_id" : ObjectId("60293aee8e96b72ae212c396"), 
    "user" : ObjectId("5f3ccfb0687ef766db4a8a9a"), 
    "customer" : ObjectId("5ea87662d8d93354f6161315"), 
    "representativeName" : "mohamed mamdouh", 
    "representativePhone" : "966500045384", 
    "representativeEmail" : "m.m.alsaftty@gmail.com", 
    "createdAt" : ISODate("2021-02-14T17:59:32.312+0000"), 
    "payingSoon" : false, 
    "dueDateMissed" : false, 
    "deleted" : false, 
    "coverPhoto" : "1fbdcdb97fbfdf5852f5dd7934d9a7e3", 
    "location" : {
        "coordinates" : [

        ], 
        "type" : "Point"
    }, 
    "status" : "Active", 
    "photo" : "1fbdcdb97fbfdf5852f5dd7934d9a7e3", 
    "type" : "Staff", 
    "staff" : [

    ], 
    "__v" : NumberInt(0)
}
{ 
    "_id" : ObjectId("60293aee8e96b72ae212c397"), 
    "user" : ObjectId("5f40d860687ef766db4a8aa5"), 
    "customer" : ObjectId("5ea87662d8d93354f6161315"), 
    "representativeName" : "ryan m", 
    "representativePhone" : "966530872581", 
    "representativeEmail" : "mamdou.h.m@ahsaic.org", 
    "createdAt" : ISODate("2021-02-14T17:59:32.312+0000"), 
    "payingSoon" : false, 
    "dueDateMissed" : false, 
    "deleted" : false, 
    "coverPhoto" : "1fbdcdb97fbfdf5852f5dd7934d9a7e3", 
    "location" : {
        "coordinates" : [

        ], 
        "type" : "Point"
    }, 
    "status" : "Active", 
    "photo" : "1fbdcdb97fbfdf5852f5dd7934d9a7e3", 
    "type" : "Staff", 
    "staff" : [

    ], 
    "__v" : NumberInt(0)
}
{ 
    "_id" : ObjectId("60293aee8e96b72ae212c398"), 
    "user" : ObjectId("5f40da35687ef766db4a8aa7"), 
    "customer" : ObjectId("5ea87662d8d93354f6161315"), 
    "representativeName" : "mo ali", 
    "representativePhone" : "966530872544", 
    "representativeEmail" : "temave8715@trufilth.com", 
    "createdAt" : ISODate("2021-02-14T17:59:32.312+0000"), 
    "payingSoon" : false, 
    "dueDateMissed" : false, 
    "deleted" : false, 
    "coverPhoto" : "1fbdcdb97fbfdf5852f5dd7934d9a7e3", 
    "location" : {
        "coordinates" : [

        ], 
        "type" : "Point"
    }, 
    "status" : "Active", 
    "photo" : "1fbdcdb97fbfdf5852f5dd7934d9a7e3", 
    "type" : "Staff", 
    "staff" : [

    ], 
    "__v" : NumberInt(0)
}
{ 
    "_id" : ObjectId("60293aee8e96b72ae212c399"), 
    "user" : ObjectId("5f40dc85687ef766db4a8aaa"), 
    "customer" : ObjectId("5ea87662d8d93354f6161315"), 
    "representativeName" : "ryan ali", 
    "representativePhone" : "966530872578", 
    "representativeEmail" : "f.lashwii9@gmail.com", 
    "createdAt" : ISODate("2021-02-14T17:59:32.312+0000"), 
    "payingSoon" : false, 
    "dueDateMissed" : false, 
    "deleted" : false, 
    "coverPhoto" : "1fbdcdb97fbfdf5852f5dd7934d9a7e3", 
    "location" : {
        "coordinates" : [

        ], 
        "type" : "Point"
    }, 
    "status" : "Active", 
    "photo" : "1fbdcdb97fbfdf5852f5dd7934d9a7e3", 
    "type" : "Staff", 
    "staff" : [

    ], 
    "__v" : NumberInt(0)
}
{ 
    "_id" : ObjectId("60293aee8e96b72ae212c39a"), 
    "user" : ObjectId("5f411bd44fd10364fd9d30f2"), 
    "customer" : ObjectId("5f411a524fd10364fd9d30ea"), 
    "representativeName" : "asif saeed", 
    "representativePhone" : "966530871111", 
    "representativeEmail" : "asyf.saeed@gmail.com", 
    "createdAt" : ISODate("2021-02-14T17:59:32.312+0000"), 
    "payingSoon" : false, 
    "dueDateMissed" : false, 
    "deleted" : false, 
    "coverPhoto" : "1fbdcdb97fbfdf5852f5dd7934d9a7e3", 
    "location" : {
        "coordinates" : [

        ], 
        "type" : "Point"
    }, 
    "status" : "Active", 
    "photo" : "1fbdcdb97fbfdf5852f5dd7934d9a7e3", 
    "type" : "Staff", 
    "staff" : [

    ], 
    "__v" : NumberInt(0)
}
{ 
    "_id" : ObjectId("60293aee8e96b72ae212c39b"), 
    "user" : ObjectId("5f419fec4fd10364fd9d30f3"), 
    "customer" : ObjectId("5f411a524fd10364fd9d30ea"), 
    "representativeName" : "testpermission test", 
    "representativePhone" : "966500045666", 
    "representativeEmail" : "m.mamdou.h@supplieson.com", 
    "createdAt" : ISODate("2021-02-14T17:59:32.312+0000"), 
    "payingSoon" : false, 
    "dueDateMissed" : false, 
    "deleted" : false, 
    "coverPhoto" : "1fbdcdb97fbfdf5852f5dd7934d9a7e3", 
    "location" : {
        "coordinates" : [

        ], 
        "type" : "Point"
    }, 
    "status" : "Active", 
    "photo" : "1fbdcdb97fbfdf5852f5dd7934d9a7e3", 
    "type" : "Staff", 
    "staff" : [

    ], 
    "__v" : NumberInt(0)
}
{ 
    "_id" : ObjectId("60293aee8e96b72ae212c39c"), 
    "user" : ObjectId("5f43d425931d8d39b52bba48"), 
    "customer" : ObjectId("5f42aef1931d8d39b52bba43"), 
    "representativeName" : "asif saeed", 
    "representativePhone" : "966533333321", 
    "representativeEmail" : "asif.saeed2@mailinator.com", 
    "createdAt" : ISODate("2021-02-14T17:59:32.312+0000"), 
    "payingSoon" : false, 
    "dueDateMissed" : false, 
    "deleted" : false, 
    "coverPhoto" : "1fbdcdb97fbfdf5852f5dd7934d9a7e3", 
    "location" : {
        "coordinates" : [

        ], 
        "type" : "Point"
    }, 
    "status" : "Active", 
    "photo" : "1fbdcdb97fbfdf5852f5dd7934d9a7e3", 
    "type" : "Staff", 
    "staff" : [

    ], 
    "__v" : NumberInt(0)
}
{ 
    "_id" : ObjectId("60293aee8e96b72ae212c39d"), 
    "user" : ObjectId("5f440a83931d8d39b52bba49"), 
    "customer" : ObjectId("5f42aef1931d8d39b52bba43"), 
    "representativeName" : "pakistan staff", 
    "representativePhone" : "966522132111", 
    "representativeEmail" : "asif.saeed3@mailinator.com", 
    "createdAt" : ISODate("2021-02-14T17:59:32.312+0000"), 
    "payingSoon" : false, 
    "dueDateMissed" : false, 
    "deleted" : false, 
    "coverPhoto" : "1fbdcdb97fbfdf5852f5dd7934d9a7e3", 
    "location" : {
        "coordinates" : [

        ], 
        "type" : "Point"
    }, 
    "status" : "Active", 
    "photo" : "1fbdcdb97fbfdf5852f5dd7934d9a7e3", 
    "type" : "Staff", 
    "staff" : [

    ], 
    "__v" : NumberInt(0)
}
{ 
    "_id" : ObjectId("60293aee8e96b72ae212c39e"), 
    "user" : ObjectId("5f467184d0da7f4f7b1dbb76"), 
    "customer" : ObjectId("5f42aef1931d8d39b52bba43"), 
    "representativeName" : "new userdsa", 
    "representativePhone" : "966523358661", 
    "representativeEmail" : "asif.saeed8@mailinator.com", 
    "createdAt" : ISODate("2021-02-14T17:59:32.312+0000"), 
    "payingSoon" : false, 
    "dueDateMissed" : false, 
    "deleted" : false, 
    "coverPhoto" : "1fbdcdb97fbfdf5852f5dd7934d9a7e3", 
    "location" : {
        "coordinates" : [

        ], 
        "type" : "Point"
    }, 
    "status" : "Active", 
    "photo" : "1fbdcdb97fbfdf5852f5dd7934d9a7e3", 
    "type" : "Staff", 
    "staff" : [

    ], 
    "__v" : NumberInt(0)
}
{ 
    "_id" : ObjectId("60293aee8e96b72ae212c39f"), 
    "user" : ObjectId("5f4a5b201111bb265a265273"), 
    "customer" : ObjectId("5f42aef1931d8d39b52bba43"), 
    "representativeName" : "asif four", 
    "representativePhone" : "966511324632", 
    "representativeEmail" : "asif.saeed10@yopmail.com", 
    "createdAt" : ISODate("2021-02-14T17:59:32.312+0000"), 
    "payingSoon" : false, 
    "dueDateMissed" : false, 
    "deleted" : false, 
    "coverPhoto" : "1fbdcdb97fbfdf5852f5dd7934d9a7e3", 
    "location" : {
        "coordinates" : [

        ], 
        "type" : "Point"
    }, 
    "status" : "Active", 
    "photo" : "1fbdcdb97fbfdf5852f5dd7934d9a7e3", 
    "type" : "Staff", 
    "staff" : [

    ], 
    "__v" : NumberInt(0)
}
{ 
    "_id" : ObjectId("60293aee8e96b72ae212c3a0"), 
    "user" : ObjectId("5f4a65c63c238257477e2e76"), 
    "customer" : ObjectId("5f42aef1931d8d39b52bba43"), 
    "representativeName" : "asif saaaed", 
    "representativePhone" : "966533333774", 
    "representativeEmail" : "asif.saeed11@yopmail.com", 
    "createdAt" : ISODate("2021-02-14T17:59:32.312+0000"), 
    "payingSoon" : false, 
    "dueDateMissed" : false, 
    "deleted" : false, 
    "coverPhoto" : "1fbdcdb97fbfdf5852f5dd7934d9a7e3", 
    "location" : {
        "coordinates" : [

        ], 
        "type" : "Point"
    }, 
    "status" : "Active", 
    "photo" : "1fbdcdb97fbfdf5852f5dd7934d9a7e3", 
    "type" : "Staff", 
    "staff" : [

    ], 
    "__v" : NumberInt(0)
}
{ 
    "_id" : ObjectId("60293aee8e96b72ae212c3a1"), 
    "user" : ObjectId("5f4a66983c238257477e2e77"), 
    "customer" : ObjectId("5f42aef1931d8d39b52bba43"), 
    "representativeName" : "sub staff", 
    "representativePhone" : "966523124651", 
    "representativeEmail" : "sub.staff@yopmail.com", 
    "createdAt" : ISODate("2021-02-14T17:59:32.312+0000"), 
    "payingSoon" : false, 
    "dueDateMissed" : false, 
    "deleted" : false, 
    "coverPhoto" : "1fbdcdb97fbfdf5852f5dd7934d9a7e3", 
    "location" : {
        "coordinates" : [

        ], 
        "type" : "Point"
    }, 
    "status" : "Active", 
    "photo" : "1fbdcdb97fbfdf5852f5dd7934d9a7e3", 
    "type" : "Staff", 
    "staff" : [

    ], 
    "__v" : NumberInt(0)
}
{ 
    "_id" : ObjectId("60293aee8e96b72ae212c3a2"), 
    "user" : ObjectId("5f46307bd0da7f4f7b1dbb73"), 
    "customer" : ObjectId("5f456c9895b1207f0d403bca"), 
    "representativeName" : "abdullah test", 
    "representativePhone" : "966501999555", 
    "representativeEmail" : "ashbana@gmail.com", 
    "createdAt" : ISODate("2021-02-14T17:59:32.312+0000"), 
    "payingSoon" : false, 
    "dueDateMissed" : false, 
    "deleted" : false, 
    "coverPhoto" : "1fbdcdb97fbfdf5852f5dd7934d9a7e3", 
    "location" : {
        "coordinates" : [

        ], 
        "type" : "Point"
    }, 
    "status" : "Active", 
    "photo" : "1fbdcdb97fbfdf5852f5dd7934d9a7e3", 
    "type" : "Staff", 
    "staff" : [

    ], 
    "__v" : NumberInt(0)
}
{ 
    "_id" : ObjectId("60293aee8e96b72ae212c3a3"), 
    "user" : ObjectId("5f46316ed0da7f4f7b1dbb75"), 
    "customer" : ObjectId("5f456c9895b1207f0d403bca"), 
    "representativeName" : "ashban ashban", 
    "representativePhone" : "966501988587", 
    "representativeEmail" : "ashbanaaa@gmail.com", 
    "createdAt" : ISODate("2021-02-14T17:59:32.312+0000"), 
    "payingSoon" : false, 
    "dueDateMissed" : false, 
    "deleted" : false, 
    "coverPhoto" : "1fbdcdb97fbfdf5852f5dd7934d9a7e3", 
    "location" : {
        "coordinates" : [

        ], 
        "type" : "Point"
    }, 
    "status" : "Active", 
    "photo" : "1fbdcdb97fbfdf5852f5dd7934d9a7e3", 
    "type" : "Staff", 
    "staff" : [

    ], 
    "__v" : NumberInt(0)
}
{ 
    "_id" : ObjectId("60293aee8e96b72ae212c3a4"), 
    "user" : ObjectId("5f4677fbd0da7f4f7b1dbb77"), 
    "customer" : ObjectId("5f45a239d0da7f4f7b1dbb6b"), 
    "representativeName" : "test teststaff", 
    "representativePhone" : "966523232323", 
    "representativeEmail" : "staff9090@mailinator.com", 
    "createdAt" : ISODate("2021-02-14T17:59:32.312+0000"), 
    "payingSoon" : false, 
    "dueDateMissed" : false, 
    "deleted" : false, 
    "coverPhoto" : "1fbdcdb97fbfdf5852f5dd7934d9a7e3", 
    "location" : {
        "coordinates" : [

        ], 
        "type" : "Point"
    }, 
    "status" : "Active", 
    "photo" : "1fbdcdb97fbfdf5852f5dd7934d9a7e3", 
    "type" : "Staff", 
    "staff" : [

    ], 
    "__v" : NumberInt(0)
}
{ 
    "_id" : ObjectId("60293aee8e96b72ae212c3a5"), 
    "user" : ObjectId("5f467894d0da7f4f7b1dbb79"), 
    "customer" : ObjectId("5f45a239d0da7f4f7b1dbb6b"), 
    "representativeName" : "test manager", 
    "representativePhone" : "966531212121", 
    "representativeEmail" : "manager9090@mailinator.com", 
    "createdAt" : ISODate("2021-02-14T17:59:32.312+0000"), 
    "payingSoon" : false, 
    "dueDateMissed" : false, 
    "deleted" : false, 
    "coverPhoto" : "1fbdcdb97fbfdf5852f5dd7934d9a7e3", 
    "location" : {
        "coordinates" : [

        ], 
        "type" : "Point"
    }, 
    "status" : "Active", 
    "photo" : "1fbdcdb97fbfdf5852f5dd7934d9a7e3", 
    "type" : "Staff", 
    "staff" : [

    ], 
    "__v" : NumberInt(0)
}
{ 
    "_id" : ObjectId("60293aee8e96b72ae212c3a6"), 
    "user" : ObjectId("5f4a718b9f78705936d53075"), 
    "customer" : ObjectId("5f4a6fce9f78705936d53070"), 
    "representativeName" : "asif saaeeddsa", 
    "representativePhone" : "966574185296", 
    "representativeEmail" : "asyfsaeed100@mailinator.com", 
    "createdAt" : ISODate("2021-02-14T17:59:32.312+0000"), 
    "payingSoon" : false, 
    "dueDateMissed" : false, 
    "deleted" : false, 
    "coverPhoto" : "1fbdcdb97fbfdf5852f5dd7934d9a7e3", 
    "location" : {
        "coordinates" : [

        ], 
        "type" : "Point"
    }, 
    "status" : "Active", 
    "photo" : "1fbdcdb97fbfdf5852f5dd7934d9a7e3", 
    "type" : "Staff", 
    "staff" : [

    ], 
    "__v" : NumberInt(0)
}
{ 
    "_id" : ObjectId("60293aee8e96b72ae212c3a7"), 
    "user" : ObjectId("5f4a96307d180f5e24895ce5"), 
    "customer" : ObjectId("5f4a6fce9f78705936d53070"), 
    "representativeName" : "asif stafftwo", 
    "representativePhone" : "966511000022", 
    "representativeEmail" : "asyfsaeed1011@mailinator.com", 
    "createdAt" : ISODate("2021-02-14T17:59:32.312+0000"), 
    "payingSoon" : false, 
    "dueDateMissed" : false, 
    "deleted" : false, 
    "coverPhoto" : "1fbdcdb97fbfdf5852f5dd7934d9a7e3", 
    "location" : {
        "coordinates" : [

        ], 
        "type" : "Point"
    }, 
    "status" : "Active", 
    "photo" : "1fbdcdb97fbfdf5852f5dd7934d9a7e3", 
    "type" : "Staff", 
    "staff" : [

    ], 
    "__v" : NumberInt(0)
}
{ 
    "_id" : ObjectId("60293aee8e96b72ae212c3a8"), 
    "user" : ObjectId("5f4bafe988c88416142f5397"), 
    "customer" : ObjectId("5f4aa45543ce3f5fb73ea207"), 
    "representativeName" : "staff one", 
    "representativePhone" : "966575396544", 
    "representativeEmail" : "asif.staff.one@mailinator.com", 
    "createdAt" : ISODate("2021-02-14T17:59:32.312+0000"), 
    "payingSoon" : false, 
    "dueDateMissed" : false, 
    "deleted" : false, 
    "coverPhoto" : "1fbdcdb97fbfdf5852f5dd7934d9a7e3", 
    "location" : {
        "coordinates" : [

        ], 
        "type" : "Point"
    }, 
    "status" : "Active", 
    "photo" : "1fbdcdb97fbfdf5852f5dd7934d9a7e3", 
    "type" : "Staff", 
    "staff" : [

    ], 
    "__v" : NumberInt(0)
}
{ 
    "_id" : ObjectId("60293aee8e96b72ae212c3a9"), 
    "user" : ObjectId("5f4bb02d88c88416142f5398"), 
    "customer" : ObjectId("5f4aa45543ce3f5fb73ea207"), 
    "representativeName" : "staff four", 
    "representativePhone" : "966585631521", 
    "representativeEmail" : "asif.staff.four@mailinator.com", 
    "createdAt" : ISODate("2021-02-14T17:59:32.312+0000"), 
    "payingSoon" : false, 
    "dueDateMissed" : false, 
    "deleted" : false, 
    "coverPhoto" : "1fbdcdb97fbfdf5852f5dd7934d9a7e3", 
    "location" : {
        "coordinates" : [

        ], 
        "type" : "Point"
    }, 
    "status" : "Active", 
    "photo" : "1fbdcdb97fbfdf5852f5dd7934d9a7e3", 
    "type" : "Staff", 
    "staff" : [

    ], 
    "__v" : NumberInt(0)
}
{ 
    "_id" : ObjectId("60293aee8e96b72ae212c3aa"), 
    "user" : ObjectId("5f4aac5c43ce3f5fb73ea21c"), 
    "customer" : ObjectId("5f4aab3c43ce3f5fb73ea212"), 
    "representativeName" : "mo staff", 
    "representativePhone" : "966535353333", 
    "representativeEmail" : "mo.staff@mailinator.com", 
    "createdAt" : ISODate("2021-02-14T17:59:32.312+0000"), 
    "payingSoon" : false, 
    "dueDateMissed" : false, 
    "deleted" : false, 
    "coverPhoto" : "1fbdcdb97fbfdf5852f5dd7934d9a7e3", 
    "location" : {
        "coordinates" : [

        ], 
        "type" : "Point"
    }, 
    "status" : "Active", 
    "photo" : "1fbdcdb97fbfdf5852f5dd7934d9a7e3", 
    "type" : "Staff", 
    "staff" : [

    ], 
    "__v" : NumberInt(0)
}
{ 
    "_id" : ObjectId("60293aee8e96b72ae212c3ab"), 
    "user" : ObjectId("5f4ab3b743ce3f5fb73ea224"), 
    "customer" : ObjectId("5f4ab2a243ce3f5fb73ea21f"), 
    "representativeName" : "polka twooo", 
    "representativePhone" : "966589564123", 
    "representativeEmail" : "polkatwo@mailinator.com", 
    "createdAt" : ISODate("2021-02-14T17:59:32.312+0000"), 
    "payingSoon" : false, 
    "dueDateMissed" : false, 
    "deleted" : false, 
    "coverPhoto" : "1fbdcdb97fbfdf5852f5dd7934d9a7e3", 
    "location" : {
        "coordinates" : [

        ], 
        "type" : "Point"
    }, 
    "status" : "Active", 
    "photo" : "1fbdcdb97fbfdf5852f5dd7934d9a7e3", 
    "type" : "Staff", 
    "staff" : [

    ], 
    "__v" : NumberInt(0)
}
{ 
    "_id" : ObjectId("60293aee8e96b72ae212c3ac"), 
    "user" : ObjectId("5f4bc742adc4d51af535b38f"), 
    "customer" : ObjectId("5f4bc575adc4d51af535b388"), 
    "representativeName" : "momomo ali", 
    "representativePhone" : "966557263911", 
    "representativeEmail" : "moali1995@gmail.com", 
    "createdAt" : ISODate("2021-02-14T17:59:32.312+0000"), 
    "payingSoon" : false, 
    "dueDateMissed" : false, 
    "deleted" : false, 
    "coverPhoto" : "1fbdcdb97fbfdf5852f5dd7934d9a7e3", 
    "location" : {
        "coordinates" : [

        ], 
        "type" : "Point"
    }, 
    "status" : "Active", 
    "photo" : "1fbdcdb97fbfdf5852f5dd7934d9a7e3", 
    "type" : "Staff", 
    "staff" : [

    ], 
    "__v" : NumberInt(0)
}
{ 
    "_id" : ObjectId("60293aee8e96b72ae212c3ad"), 
    "user" : ObjectId("5f4bc7c2adc4d51af535b390"), 
    "customer" : ObjectId("5f4bc575adc4d51af535b388"), 
    "representativeName" : "ali ordering", 
    "representativePhone" : "966553424995", 
    "representativeEmail" : "aliordering1995@gmail.com", 
    "createdAt" : ISODate("2021-02-14T17:59:32.312+0000"), 
    "payingSoon" : false, 
    "dueDateMissed" : false, 
    "deleted" : false, 
    "coverPhoto" : "1fbdcdb97fbfdf5852f5dd7934d9a7e3", 
    "location" : {
        "coordinates" : [

        ], 
        "type" : "Point"
    }, 
    "status" : "Active", 
    "photo" : "1fbdcdb97fbfdf5852f5dd7934d9a7e3", 
    "type" : "Staff", 
    "staff" : [

    ], 
    "__v" : NumberInt(0)
}
{ 
    "_id" : ObjectId("60293aee8e96b72ae212c3ae"), 
    "user" : ObjectId("5f4d301422c0291c7f2e5fcb"), 
    "customer" : ObjectId("5f4d264122c0291c7f2e5fc2"), 
    "representativeName" : "mahmoud ali", 
    "representativePhone" : "966566584383", 
    "representativeEmail" : "m.ali@dosecafeksa.com", 
    "createdAt" : ISODate("2021-02-14T17:59:32.312+0000"), 
    "payingSoon" : false, 
    "dueDateMissed" : false, 
    "deleted" : false, 
    "coverPhoto" : "1fbdcdb97fbfdf5852f5dd7934d9a7e3", 
    "location" : {
        "coordinates" : [

        ], 
        "type" : "Point"
    }, 
    "status" : "Active", 
    "photo" : "1fbdcdb97fbfdf5852f5dd7934d9a7e3", 
    "type" : "Staff", 
    "staff" : [

    ], 
    "__v" : NumberInt(0)
}
{ 
    "_id" : ObjectId("60293aee8e96b72ae212c3af"), 
    "user" : ObjectId("5f4d306e22c0291c7f2e5fcc"), 
    "customer" : ObjectId("5f4d264122c0291c7f2e5fc2"), 
    "representativeName" : "jehad aljaber", 
    "representativePhone" : "966567882507", 
    "representativeEmail" : "j.jaber@dosecafeksa.com", 
    "createdAt" : ISODate("2021-02-14T17:59:32.312+0000"), 
    "payingSoon" : false, 
    "dueDateMissed" : false, 
    "deleted" : false, 
    "coverPhoto" : "1fbdcdb97fbfdf5852f5dd7934d9a7e3", 
    "location" : {
        "coordinates" : [

        ], 
        "type" : "Point"
    }, 
    "status" : "Active", 
    "photo" : "1fbdcdb97fbfdf5852f5dd7934d9a7e3", 
    "type" : "Staff", 
    "staff" : [

    ], 
    "__v" : NumberInt(0)
}
{ 
    "_id" : ObjectId("60293aee8e96b72ae212c3b0"), 
    "user" : ObjectId("5f4d4b666d02624c26fcf0e0"), 
    "customer" : ObjectId("5f4d264122c0291c7f2e5fc2"), 
    "representativeName" : "malqa branch", 
    "representativePhone" : "966532896410", 
    "representativeEmail" : "br03@dosecafeksa.com", 
    "createdAt" : ISODate("2021-02-14T17:59:32.312+0000"), 
    "payingSoon" : false, 
    "dueDateMissed" : false, 
    "deleted" : false, 
    "coverPhoto" : "1fbdcdb97fbfdf5852f5dd7934d9a7e3", 
    "location" : {
        "coordinates" : [

        ], 
        "type" : "Point"
    }, 
    "status" : "Active", 
    "photo" : "1fbdcdb97fbfdf5852f5dd7934d9a7e3", 
    "type" : "Staff", 
    "staff" : [

    ], 
    "__v" : NumberInt(0)
}
{ 
    "_id" : ObjectId("60293aee8e96b72ae212c3b1"), 
    "user" : ObjectId("5f4d4bc96d02624c26fcf0e1"), 
    "customer" : ObjectId("5f4d264122c0291c7f2e5fc2"), 
    "representativeName" : "riyadh_park branch", 
    "representativePhone" : "966553069775", 
    "representativeEmail" : "br04@dosecafeksa.com", 
    "createdAt" : ISODate("2021-02-14T17:59:32.312+0000"), 
    "payingSoon" : false, 
    "dueDateMissed" : false, 
    "deleted" : false, 
    "coverPhoto" : "1fbdcdb97fbfdf5852f5dd7934d9a7e3", 
    "location" : {
        "coordinates" : [

        ], 
        "type" : "Point"
    }, 
    "status" : "Active", 
    "photo" : "1fbdcdb97fbfdf5852f5dd7934d9a7e3", 
    "type" : "Staff", 
    "staff" : [

    ], 
    "__v" : NumberInt(0)
}
{ 
    "_id" : ObjectId("60293aee8e96b72ae212c3b2"), 
    "user" : ObjectId("5f4d4c246d02624c26fcf0e2"), 
    "customer" : ObjectId("5f4d264122c0291c7f2e5fc2"), 
    "representativeName" : "deem_plaza branch", 
    "representativePhone" : "966581340037", 
    "representativeEmail" : "br08@dosecafeksa.com", 
    "createdAt" : ISODate("2021-02-14T17:59:32.312+0000"), 
    "payingSoon" : false, 
    "dueDateMissed" : false, 
    "deleted" : false, 
    "coverPhoto" : "1fbdcdb97fbfdf5852f5dd7934d9a7e3", 
    "location" : {
        "coordinates" : [

        ], 
        "type" : "Point"
    }, 
    "status" : "Active", 
    "photo" : "1fbdcdb97fbfdf5852f5dd7934d9a7e3", 
    "type" : "Staff", 
    "staff" : [

    ], 
    "__v" : NumberInt(0)
}
{ 
    "_id" : ObjectId("60293aee8e96b72ae212c3b3"), 
    "user" : ObjectId("5f4d4c846d02624c26fcf0e3"), 
    "customer" : ObjectId("5f4d264122c0291c7f2e5fc2"), 
    "representativeName" : "riyadh_front branch", 
    "representativePhone" : "966532831911", 
    "representativeEmail" : "br11@dosecafeksa.com", 
    "createdAt" : ISODate("2021-02-14T17:59:32.312+0000"), 
    "payingSoon" : false, 
    "dueDateMissed" : false, 
    "deleted" : false, 
    "coverPhoto" : "1fbdcdb97fbfdf5852f5dd7934d9a7e3", 
    "location" : {
        "coordinates" : [

        ], 
        "type" : "Point"
    }, 
    "status" : "Active", 
    "photo" : "1fbdcdb97fbfdf5852f5dd7934d9a7e3", 
    "type" : "Staff", 
    "staff" : [

    ], 
    "__v" : NumberInt(0)
}
{ 
    "_id" : ObjectId("60293aee8e96b72ae212c3b4"), 
    "user" : ObjectId("5f4d4cd36d02624c26fcf0e4"), 
    "customer" : ObjectId("5f4d264122c0291c7f2e5fc2"), 
    "representativeName" : "jarir branch", 
    "representativePhone" : "966569155292", 
    "representativeEmail" : "br13@dosecafeksa.com", 
    "createdAt" : ISODate("2021-02-14T17:59:32.312+0000"), 
    "payingSoon" : false, 
    "dueDateMissed" : false, 
    "deleted" : false, 
    "coverPhoto" : "1fbdcdb97fbfdf5852f5dd7934d9a7e3", 
    "location" : {
        "coordinates" : [

        ], 
        "type" : "Point"
    }, 
    "status" : "Active", 
    "photo" : "1fbdcdb97fbfdf5852f5dd7934d9a7e3", 
    "type" : "Staff", 
    "staff" : [

    ], 
    "__v" : NumberInt(0)
}
{ 
    "_id" : ObjectId("60293aee8e96b72ae212c3b5"), 
    "user" : ObjectId("5f4d4d816d02624c26fcf0e5"), 
    "customer" : ObjectId("5f4d264122c0291c7f2e5fc2"), 
    "representativeName" : "turki_one branch", 
    "representativePhone" : "966582190051", 
    "representativeEmail" : "br14@dosecafeksa.com", 
    "createdAt" : ISODate("2021-02-14T17:59:32.312+0000"), 
    "payingSoon" : false, 
    "dueDateMissed" : false, 
    "deleted" : false, 
    "coverPhoto" : "1fbdcdb97fbfdf5852f5dd7934d9a7e3", 
    "location" : {
        "coordinates" : [

        ], 
        "type" : "Point"
    }, 
    "status" : "Active", 
    "photo" : "1fbdcdb97fbfdf5852f5dd7934d9a7e3", 
    "type" : "Staff", 
    "staff" : [

    ], 
    "__v" : NumberInt(0)
}
{ 
    "_id" : ObjectId("60293aee8e96b72ae212c3b6"), 
    "user" : ObjectId("5f4d4db56d02624c26fcf0e6"), 
    "customer" : ObjectId("5f4d264122c0291c7f2e5fc2"), 
    "representativeName" : "riyadh_hub branch", 
    "representativePhone" : "966562547159", 
    "representativeEmail" : "br15@dosecafeksa.com", 
    "createdAt" : ISODate("2021-02-14T17:59:32.312+0000"), 
    "payingSoon" : false, 
    "dueDateMissed" : false, 
    "deleted" : false, 
    "coverPhoto" : "1fbdcdb97fbfdf5852f5dd7934d9a7e3", 
    "location" : {
        "coordinates" : [

        ], 
        "type" : "Point"
    }, 
    "status" : "Active", 
    "photo" : "1fbdcdb97fbfdf5852f5dd7934d9a7e3", 
    "type" : "Staff", 
    "staff" : [

    ], 
    "__v" : NumberInt(0)
}
{ 
    "_id" : ObjectId("60293aee8e96b72ae212c3b7"), 
    "user" : ObjectId("5f4d4e086d02624c26fcf0e7"), 
    "customer" : ObjectId("5f4d264122c0291c7f2e5fc2"), 
    "representativeName" : "yasmin branch", 
    "representativePhone" : "966507754061", 
    "representativeEmail" : "br21@dosecafeksa.com", 
    "createdAt" : ISODate("2021-02-14T17:59:32.312+0000"), 
    "payingSoon" : false, 
    "dueDateMissed" : false, 
    "deleted" : false, 
    "coverPhoto" : "1fbdcdb97fbfdf5852f5dd7934d9a7e3", 
    "location" : {
        "coordinates" : [

        ], 
        "type" : "Point"
    }, 
    "status" : "Active", 
    "photo" : "1fbdcdb97fbfdf5852f5dd7934d9a7e3", 
    "type" : "Staff", 
    "staff" : [

    ], 
    "__v" : NumberInt(0)
}
{ 
    "_id" : ObjectId("60293aee8e96b72ae212c3b8"), 
    "user" : ObjectId("5f5f156d57ae8212ba0b4a49"), 
    "customer" : ObjectId("5f4d264122c0291c7f2e5fc2"), 
    "representativeName" : "Mirza Afroz", 
    "representativePhone" : "966501894972", 
    "representativeEmail" : "mirza@dosecafeksa.com", 
    "createdAt" : ISODate("2021-02-14T17:59:32.312+0000"), 
    "payingSoon" : false, 
    "dueDateMissed" : false, 
    "deleted" : false, 
    "coverPhoto" : "1fbdcdb97fbfdf5852f5dd7934d9a7e3", 
    "location" : {
        "coordinates" : [

        ], 
        "type" : "Point"
    }, 
    "status" : "Active", 
    "photo" : "1fbdcdb97fbfdf5852f5dd7934d9a7e3", 
    "type" : "Staff", 
    "staff" : [

    ], 
    "__v" : NumberInt(0)
}
{ 
    "_id" : ObjectId("60450b7e27370a6aecc33027"), 
    "representativeName" : "dsa", 
    "commercialRegister" : "2321321342", 
    "commercialRegisterPhoto" : "https://supplieson.com/api/upload/image/1b7f330401e39778ece84e108a6e4c71", 
    "commercialRegisterExpireDate" : null, 
    "commercialRegisterExpireDateIslamic" : ISODate("1442-12-18T21:00:00.000+0000"), 
    "user" : ObjectId("60450b7e27370a6aecc33026"), 
    "createdAt" : ISODate("2021-03-07T20:21:02.460+0000"), 
    "payingSoon" : false, 
    "dueDateMissed" : false, 
    "deleted" : false, 
    "coverPhoto" : "1fbdcdb97fbfdf5852f5dd7934d9a7e3", 
    "location" : {
        "address" : "Prince Satam Bin Abdulaziz, Al Khuzama, Riyadh 12576, Saudi Arabia", 
        "city" : ObjectId("6032888f6840cd47eb13d80c"), 
        "coordinates" : [
            24.728050055071165, 
            46.58902919453125
        ], 
        "type" : "Point"
    }, 
    "status" : "Active", 
    "photo" : "1fbdcdb97fbfdf5852f5dd7934d9a7e3", 
    "type" : "Customer", 
    "staff" : [

    ], 
    "__v" : NumberInt(0), 
    "branch" : ObjectId("60450b7e27370a6aecc3302a")
}
{ 
    "_id" : ObjectId("60a8fb075d6faa50100aee14"), 
    "representativeName" : "oidsa", 
    "commercialRegister" : "2132142112", 
    "commercialRegisterPhoto" : "https://supplieson.com/api/upload/image/25d1524195cb3e0462e812ac6eeb1deb", 
    "commercialRegisterExpireDate" : null, 
    "commercialRegisterExpireDateIslamic" : ISODate("1442-10-23T21:00:00.000+0000"), 
    "user" : ObjectId("60a8fb075d6faa50100aee13"), 
    "createdAt" : ISODate("2021-05-22T15:37:27.988+0000"), 
    "payingSoon" : false, 
    "dueDateMissed" : false, 
    "deleted" : false, 
    "coverPhoto" : "1fbdcdb97fbfdf5852f5dd7934d9a7e3", 
    "location" : {
        "address" : "Prince Satam Bin Abdulaziz, Al Khuzama, Riyadh 12576, Saudi Arabia", 
        "city" : ObjectId("6032888f6840cd47eb13d80c"), 
        "coordinates" : [
            24.728050055071165, 
            46.58902919453125
        ], 
        "type" : "Point"
    }, 
    "status" : "Active", 
    "photo" : "1fbdcdb97fbfdf5852f5dd7934d9a7e3", 
    "type" : "Customer", 
    "staff" : [

    ], 
    "__v" : NumberInt(0), 
    "branch" : ObjectId("60a8fb085d6faa50100aee17")
}
{ 
    "_id" : ObjectId("60bb59c11534ac396058efbb"), 
    "representativeName" : "comp", 
    "commercialRegister" : "9413221132", 
    "commercialRegisterPhoto" : "http://dev.supplieson.com/api/upload/image/4718c1834345cb73f30bf0135f54a9dc", 
    "commercialRegisterExpireDate" : null, 
    "commercialRegisterExpireDateIslamic" : ISODate("1442-11-28T21:00:00.000+0000"), 
    "user" : ObjectId("60bb59c11534ac396058efba"), 
    "createdAt" : ISODate("2021-06-05T14:02:25.970+0000"), 
    "payingSoon" : false, 
    "dueDateMissed" : false, 
    "deleted" : false, 
    "coverPhoto" : "1fbdcdb97fbfdf5852f5dd7934d9a7e3", 
    "location" : {
        "address" : "Prince Satam Bin Abdulaziz, Al Khuzama, Riyadh 12576, Saudi Arabia", 
        "city" : ObjectId("6032888f6840cd47eb13d80c"), 
        "coordinates" : [
            24.728050055071165, 
            46.58902919453125
        ], 
        "type" : "Point"
    }, 
    "status" : "Active", 
    "photo" : "1fbdcdb97fbfdf5852f5dd7934d9a7e3", 
    "type" : "Customer", 
    "staff" : [

    ], 
    "__v" : NumberInt(0), 
    "branch" : ObjectId("60bb59c21534ac396058efbe")
}
