{ 
    "_id" : ObjectId("5ea87512d8d93354f6161313"), 
    "supplier" : ObjectId("5ea86eb7d8d93354f616130a"), 
    "customerEmail" : "m.mamdouh@supplieson.com", 
    "status" : "Active", 
    "startPaymentDate" : ISODate("2020-04-28T21:25:22.652+0000"), 
    "installment" : NumberInt(0), 
    "payingSoon" : false, 
    "dueDateMissed" : false, 
    "reservedBalance" : NumberInt(0), 
    "canOrder" : true, 
    "nextPaymentDueDate" : ISODate("2020-05-30T20:59:59.999+0000"), 
    "createdAt" : ISODate("2020-04-28T21:25:22.651+0000"), 
    "exceedPaymentDate" : false, 
    "exceedCreditLimit" : false, 
    "days" : NumberInt(4), 
    "paymentInterval" : "Month", 
    "paymentFrequency" : NumberInt(1), 
    "creditLimit" : NumberInt(3000), 
    "__v" : NumberInt(0)
}
{ 
    "_id" : ObjectId("5ef8e726d8d93354f616135c"), 
    "supplier" : ObjectId("5ef8e0ded8d93354f6161356"), 
    "customerEmail" : "fatimaalenezi2018@gmail.com", 
    "status" : "Active", 
    "startPaymentDate" : ISODate("2020-06-28T21:53:26.651+0000"), 
    "installment" : NumberInt(0), 
    "payingSoon" : false, 
    "dueDateMissed" : false, 
    "reservedBalance" : NumberInt(0), 
    "canOrder" : true, 
    "nextPaymentDueDate" : ISODate("2020-05-30T20:59:59.999+0000"), 
    "createdAt" : ISODate("2020-06-28T21:53:26.651+0000"), 
    "exceedPaymentDate" : false, 
    "exceedCreditLimit" : false, 
    "days" : NumberInt(29), 
    "paymentInterval" : "Month", 
    "paymentFrequency" : NumberInt(1), 
    "creditLimit" : NumberInt(3000), 
    "__v" : NumberInt(0)
}
{ 
    "_id" : ObjectId("5f006db1d8d93354f616136b"), 
    "supplier" : ObjectId("5ef8e0ded8d93354f6161356"), 
    "customerEmail" : "mm.alsafft.y@gmail.com", 
    "status" : "Invited", 
    "startPaymentDate" : ISODate("2020-07-04T14:53:21.786+0000"), 
    "installment" : NumberInt(0), 
    "payingSoon" : false, 
    "dueDateMissed" : false, 
    "reservedBalance" : NumberInt(0), 
    "canOrder" : true, 
    "nextPaymentDueDate" : ISODate("2020-05-30T20:59:59.999+0000"), 
    "createdAt" : ISODate("2020-07-04T14:53:21.786+0000"), 
    "exceedPaymentDate" : false, 
    "exceedCreditLimit" : false, 
    "days" : NumberInt(29), 
    "paymentInterval" : "Month", 
    "paymentFrequency" : NumberInt(1), 
    "creditLimit" : NumberInt(3000), 
    "__v" : NumberInt(0)
}
{ 
    "_id" : ObjectId("5f006dedd8d93354f616136c"), 
    "supplier" : ObjectId("5ef8e0ded8d93354f6161356"), 
    "customerEmail" : "mm.alsaftt.y@gmail.com", 
    "status" : "Active", 
    "startPaymentDate" : ISODate("2020-07-04T14:54:21.665+0000"), 
    "installment" : NumberInt(0), 
    "payingSoon" : false, 
    "dueDateMissed" : false, 
    "reservedBalance" : NumberInt(0), 
    "canOrder" : true, 
    "nextPaymentDueDate" : ISODate("2020-05-30T20:59:59.999+0000"), 
    "createdAt" : ISODate("2020-07-04T14:54:21.665+0000"), 
    "exceedPaymentDate" : false, 
    "exceedCreditLimit" : false, 
    "days" : NumberInt(29), 
    "paymentInterval" : "Month", 
    "paymentFrequency" : NumberInt(1), 
    "creditLimit" : NumberInt(3000), 
    "__v" : NumberInt(0)
}
{ 
    "_id" : ObjectId("5f1ac304cce33f65397fa804"), 
    "supplier" : ObjectId("5f1a9c45cce33f65397fa7eb"), 
    "customerEmail" : "alashbana@gmail.com", 
    "status" : "Active", 
    "startPaymentDate" : ISODate("2020-07-24T14:16:20.064+0000"), 
    "installment" : NumberInt(0), 
    "payingSoon" : false, 
    "dueDateMissed" : false, 
    "reservedBalance" : NumberInt(0), 
    "canOrder" : true, 
    "nextPaymentDueDate" : ISODate("2020-08-31T20:59:59.999+0000"), 
    "createdAt" : ISODate("2020-07-24T14:16:20.064+0000"), 
    "exceedPaymentDate" : false, 
    "exceedCreditLimit" : false, 
    "days" : NumberInt(31), 
    "paymentInterval" : "Month", 
    "paymentFrequency" : NumberInt(1), 
    "creditLimit" : NumberInt(3000), 
    "__v" : NumberInt(0)
}
{ 
    "_id" : ObjectId("5f1ac536cce33f65397fa815"), 
    "supplier" : ObjectId("5f1a9c45cce33f65397fa7eb"), 
    "customerEmail" : "mm.alsaftty@gmail.com", 
    "status" : "Invited", 
    "startPaymentDate" : ISODate("2020-07-24T14:25:42.412+0000"), 
    "installment" : NumberInt(0), 
    "payingSoon" : false, 
    "dueDateMissed" : false, 
    "reservedBalance" : NumberInt(0), 
    "canOrder" : true, 
    "nextPaymentDueDate" : ISODate("2020-08-31T20:59:59.999+0000"), 
    "createdAt" : ISODate("2020-07-24T14:25:42.412+0000"), 
    "exceedPaymentDate" : false, 
    "exceedCreditLimit" : false, 
    "days" : NumberInt(31), 
    "paymentInterval" : "Month", 
    "paymentFrequency" : NumberInt(1), 
    "creditLimit" : NumberInt(3000), 
    "__v" : NumberInt(0)
}
{ 
    "_id" : ObjectId("5f1ac573cce33f65397fa818"), 
    "supplier" : ObjectId("5f1a9c45cce33f65397fa7eb"), 
    "customerEmail" : "m.mamdouh@supplieson.com", 
    "status" : "Active", 
    "startPaymentDate" : ISODate("2020-07-24T14:26:43.009+0000"), 
    "installment" : NumberInt(0), 
    "payingSoon" : false, 
    "dueDateMissed" : false, 
    "reservedBalance" : NumberInt(0), 
    "canOrder" : true, 
    "nextPaymentDueDate" : ISODate("2020-08-31T20:59:59.999+0000"), 
    "createdAt" : ISODate("2020-07-24T14:26:43.009+0000"), 
    "exceedPaymentDate" : false, 
    "exceedCreditLimit" : false, 
    "days" : NumberInt(2), 
    "paymentInterval" : "Month", 
    "paymentFrequency" : NumberInt(1), 
    "creditLimit" : NumberInt(3000), 
    "__v" : NumberInt(0)
}
{ 
    "_id" : ObjectId("5f1ac59fcce33f65397fa81a"), 
    "supplier" : ObjectId("5f1a9c45cce33f65397fa7eb"), 
    "customerEmail" : "talmaghlouth@gmail.com", 
    "status" : "Active", 
    "startPaymentDate" : ISODate("2020-07-24T14:27:27.034+0000"), 
    "installment" : NumberInt(0), 
    "payingSoon" : false, 
    "dueDateMissed" : false, 
    "reservedBalance" : NumberInt(0), 
    "canOrder" : true, 
    "nextPaymentDueDate" : ISODate("2020-08-31T20:59:59.999+0000"), 
    "createdAt" : ISODate("2020-07-24T14:27:27.034+0000"), 
    "exceedPaymentDate" : false, 
    "exceedCreditLimit" : false, 
    "days" : NumberInt(24), 
    "paymentInterval" : "Month", 
    "paymentFrequency" : NumberInt(1), 
    "creditLimit" : NumberInt(3000), 
    "__v" : NumberInt(0)
}
{ 
    "_id" : ObjectId("5f3a6bca687ef766db4a8a60"), 
    "supplier" : ObjectId("5f1a9c45cce33f65397fa7eb"), 
    "customerEmail" : "alashban@streatllc.com", 
    "status" : "Invited", 
    "startPaymentDate" : ISODate("2020-08-17T14:36:42.770+0000"), 
    "installment" : NumberInt(0), 
    "payingSoon" : false, 
    "dueDateMissed" : false, 
    "reservedBalance" : NumberInt(0), 
    "canOrder" : true, 
    "nextPaymentDueDate" : ISODate("2020-08-31T20:59:59.999+0000"), 
    "createdAt" : ISODate("2020-08-17T14:36:42.770+0000"), 
    "exceedPaymentDate" : false, 
    "exceedCreditLimit" : false, 
    "days" : NumberInt(31), 
    "paymentInterval" : "Month", 
    "paymentFrequency" : NumberInt(1), 
    "creditLimit" : NumberInt(3000), 
    "__v" : NumberInt(0)
}
{ 
    "_id" : ObjectId("5f3a6d05687ef766db4a8a61"), 
    "supplier" : ObjectId("5f1a9c45cce33f65397fa7eb"), 
    "customerEmail" : "bandarzuraib@outlook.sa", 
    "status" : "Invited", 
    "startPaymentDate" : ISODate("2020-08-17T14:41:57.993+0000"), 
    "installment" : NumberInt(0), 
    "payingSoon" : false, 
    "dueDateMissed" : false, 
    "reservedBalance" : NumberInt(0), 
    "canOrder" : true, 
    "nextPaymentDueDate" : ISODate("2020-08-31T20:59:59.999+0000"), 
    "createdAt" : ISODate("2020-08-17T14:41:57.993+0000"), 
    "exceedPaymentDate" : false, 
    "exceedCreditLimit" : false, 
    "days" : NumberInt(31), 
    "paymentInterval" : "Month", 
    "paymentFrequency" : NumberInt(1), 
    "creditLimit" : NumberInt(3000), 
    "__v" : NumberInt(0)
}
{ 
    "_id" : ObjectId("5f3a6de3687ef766db4a8a62"), 
    "supplier" : ObjectId("5f1a9c45cce33f65397fa7eb"), 
    "customerEmail" : "info@marketivellc.com", 
    "status" : "Invited", 
    "startPaymentDate" : ISODate("2020-08-17T14:45:39.758+0000"), 
    "installment" : NumberInt(0), 
    "payingSoon" : false, 
    "dueDateMissed" : false, 
    "reservedBalance" : NumberInt(0), 
    "canOrder" : true, 
    "nextPaymentDueDate" : ISODate("2020-08-31T20:59:59.999+0000"), 
    "createdAt" : ISODate("2020-08-17T14:45:39.758+0000"), 
    "exceedPaymentDate" : false, 
    "exceedCreditLimit" : false, 
    "days" : NumberInt(31), 
    "paymentInterval" : "Month", 
    "paymentFrequency" : NumberInt(1), 
    "creditLimit" : NumberInt(3000), 
    "__v" : NumberInt(0)
}
{ 
    "_id" : ObjectId("5f3a6deb687ef766db4a8a63"), 
    "supplier" : ObjectId("5f1a9c45cce33f65397fa7eb"), 
    "customerEmail" : "mamdouh.m@ahsaic.org", 
    "status" : "Invited", 
    "startPaymentDate" : ISODate("2020-08-17T14:45:47.961+0000"), 
    "installment" : NumberInt(0), 
    "payingSoon" : false, 
    "dueDateMissed" : false, 
    "reservedBalance" : NumberInt(0), 
    "canOrder" : true, 
    "nextPaymentDueDate" : ISODate("2020-08-31T20:59:59.999+0000"), 
    "createdAt" : ISODate("2020-08-17T14:45:47.961+0000"), 
    "exceedPaymentDate" : false, 
    "exceedCreditLimit" : false, 
    "days" : NumberInt(31), 
    "paymentInterval" : "Month", 
    "paymentFrequency" : NumberInt(1), 
    "creditLimit" : NumberInt(3000), 
    "__v" : NumberInt(0)
}
{ 
    "_id" : ObjectId("5f3a6e16687ef766db4a8a64"), 
    "supplier" : ObjectId("5f1a9c45cce33f65397fa7eb"), 
    "customerEmail" : "banderzureb@gmail.com", 
    "status" : "Invited", 
    "startPaymentDate" : ISODate("2020-08-17T14:46:30.693+0000"), 
    "installment" : NumberInt(0), 
    "payingSoon" : false, 
    "dueDateMissed" : false, 
    "reservedBalance" : NumberInt(0), 
    "canOrder" : true, 
    "nextPaymentDueDate" : ISODate("2020-08-31T20:59:59.999+0000"), 
    "createdAt" : ISODate("2020-08-17T14:46:30.693+0000"), 
    "exceedPaymentDate" : false, 
    "exceedCreditLimit" : false, 
    "days" : NumberInt(31), 
    "paymentInterval" : "Month", 
    "paymentFrequency" : NumberInt(1), 
    "creditLimit" : NumberInt(3000), 
    "__v" : NumberInt(0)
}
{ 
    "_id" : ObjectId("5f3a6ecc687ef766db4a8a65"), 
    "supplier" : ObjectId("5f1a9c45cce33f65397fa7eb"), 
    "customerEmail" : "f.l.a.s.h@msn.com", 
    "status" : "Invited", 
    "startPaymentDate" : ISODate("2020-08-17T14:49:32.183+0000"), 
    "installment" : NumberInt(0), 
    "payingSoon" : false, 
    "dueDateMissed" : false, 
    "reservedBalance" : NumberInt(0), 
    "canOrder" : true, 
    "nextPaymentDueDate" : ISODate("2020-08-31T20:59:59.999+0000"), 
    "createdAt" : ISODate("2020-08-17T14:49:32.183+0000"), 
    "exceedPaymentDate" : false, 
    "exceedCreditLimit" : false, 
    "days" : NumberInt(31), 
    "paymentInterval" : "Month", 
    "paymentFrequency" : NumberInt(1), 
    "creditLimit" : NumberInt(3000), 
    "__v" : NumberInt(0)
}
{ 
    "_id" : ObjectId("5f3c2745687ef766db4a8a7e"), 
    "supplier" : ObjectId("5ef8e0ded8d93354f6161356"), 
    "customerEmail" : "fatima@supplieson.com", 
    "status" : "Active", 
    "startPaymentDate" : ISODate("2020-08-18T22:08:53.527+0000"), 
    "installment" : NumberInt(0), 
    "payingSoon" : false, 
    "dueDateMissed" : false, 
    "reservedBalance" : NumberInt(0), 
    "canOrder" : true, 
    "nextPaymentDueDate" : ISODate("2020-08-31T20:59:59.999+0000"), 
    "createdAt" : ISODate("2020-08-18T22:08:53.527+0000"), 
    "exceedPaymentDate" : false, 
    "exceedCreditLimit" : false, 
    "days" : NumberInt(31), 
    "paymentInterval" : "Month", 
    "paymentFrequency" : NumberInt(1), 
    "creditLimit" : NumberInt(3000), 
    "__v" : NumberInt(0)
}
{ 
    "_id" : ObjectId("5f41012da635d45ec09484b7"), 
    "supplier" : ObjectId("5ea86eb7d8d93354f616130a"), 
    "customerEmail" : "asyfsaeed@gmail.com", 
    "status" : "Invited", 
    "startPaymentDate" : ISODate("2020-08-22T14:27:41.666+0000"), 
    "installment" : NumberInt(0), 
    "payingSoon" : false, 
    "dueDateMissed" : false, 
    "reservedBalance" : NumberInt(0), 
    "canOrder" : true, 
    "nextPaymentDueDate" : ISODate("2020-09-30T20:59:59.999+0000"), 
    "createdAt" : ISODate("2020-08-22T14:27:41.665+0000"), 
    "exceedPaymentDate" : false, 
    "exceedCreditLimit" : false, 
    "days" : NumberInt(31), 
    "paymentInterval" : "Month", 
    "paymentFrequency" : NumberInt(1), 
    "creditLimit" : NumberInt(3000), 
    "__v" : NumberInt(0)
}
{ 
    "_id" : ObjectId("5f4102dd5293b65f4f09140f"), 
    "supplier" : ObjectId("5ea86eb7d8d93354f616130a"), 
    "customerEmail" : "asof0088@hotmail.com", 
    "status" : "Invited", 
    "startPaymentDate" : ISODate("2020-08-22T14:34:53.325+0000"), 
    "installment" : NumberInt(0), 
    "payingSoon" : false, 
    "dueDateMissed" : false, 
    "reservedBalance" : NumberInt(0), 
    "canOrder" : true, 
    "nextPaymentDueDate" : ISODate("2020-09-30T20:59:59.999+0000"), 
    "createdAt" : ISODate("2020-08-22T14:34:53.325+0000"), 
    "exceedPaymentDate" : false, 
    "exceedCreditLimit" : false, 
    "days" : NumberInt(31), 
    "paymentInterval" : "Month", 
    "paymentFrequency" : NumberInt(1), 
    "creditLimit" : NumberInt(3000), 
    "__v" : NumberInt(0)
}
{ 
    "_id" : ObjectId("5f410341c0f5175fab9ee903"), 
    "supplier" : ObjectId("5ea86eb7d8d93354f616130a"), 
    "customerEmail" : "asif.saeed@vizteck.com", 
    "status" : "Invited", 
    "startPaymentDate" : ISODate("2020-08-22T14:36:33.331+0000"), 
    "installment" : NumberInt(0), 
    "payingSoon" : false, 
    "dueDateMissed" : false, 
    "reservedBalance" : NumberInt(0), 
    "canOrder" : true, 
    "nextPaymentDueDate" : ISODate("2020-09-30T20:59:59.999+0000"), 
    "createdAt" : ISODate("2020-08-22T14:36:33.331+0000"), 
    "exceedPaymentDate" : false, 
    "exceedCreditLimit" : false, 
    "days" : NumberInt(31), 
    "paymentInterval" : "Month", 
    "paymentFrequency" : NumberInt(1), 
    "creditLimit" : NumberInt(3000), 
    "__v" : NumberInt(0)
}
{ 
    "_id" : ObjectId("5f410c32be383b61c3c1f517"), 
    "supplier" : ObjectId("5f1a9c45cce33f65397fa7eb"), 
    "customerEmail" : "asyfsaeed@gmail.com", 
    "status" : "Invited", 
    "startPaymentDate" : ISODate("2020-08-22T15:14:42.612+0000"), 
    "installment" : NumberInt(0), 
    "payingSoon" : false, 
    "dueDateMissed" : false, 
    "reservedBalance" : NumberInt(0), 
    "canOrder" : true, 
    "nextPaymentDueDate" : ISODate("2020-09-30T20:59:59.999+0000"), 
    "createdAt" : ISODate("2020-08-22T15:14:42.612+0000"), 
    "exceedPaymentDate" : false, 
    "exceedCreditLimit" : false, 
    "days" : NumberInt(31), 
    "paymentInterval" : "Month", 
    "paymentFrequency" : NumberInt(1), 
    "creditLimit" : NumberInt(3000), 
    "__v" : NumberInt(0)
}
{ 
    "_id" : ObjectId("5f4118f84fd10364fd9d30e6"), 
    "supplier" : ObjectId("5f41175c4fd10364fd9d30e3"), 
    "customerEmail" : "asyfsaeed@gmail.com", 
    "status" : "Invited", 
    "startPaymentDate" : ISODate("2020-08-22T16:09:12.972+0000"), 
    "installment" : NumberInt(0), 
    "payingSoon" : false, 
    "dueDateMissed" : false, 
    "reservedBalance" : NumberInt(0), 
    "canOrder" : true, 
    "nextPaymentDueDate" : ISODate("2020-09-30T20:59:59.999+0000"), 
    "createdAt" : ISODate("2020-08-22T16:09:12.972+0000"), 
    "exceedPaymentDate" : false, 
    "exceedCreditLimit" : false, 
    "days" : NumberInt(30), 
    "paymentInterval" : "Month", 
    "paymentFrequency" : NumberInt(1), 
    "creditLimit" : NumberInt(3000), 
    "__v" : NumberInt(0)
}
{ 
    "_id" : ObjectId("5f4119ad4fd10364fd9d30e8"), 
    "supplier" : ObjectId("5f41175c4fd10364fd9d30e3"), 
    "customerEmail" : "iflashdroi.d@gmail.com", 
    "status" : "Active", 
    "startPaymentDate" : ISODate("2020-08-22T16:12:13.338+0000"), 
    "installment" : NumberInt(0), 
    "payingSoon" : false, 
    "dueDateMissed" : false, 
    "reservedBalance" : NumberInt(0), 
    "canOrder" : true, 
    "nextPaymentDueDate" : ISODate("2020-09-30T20:59:59.999+0000"), 
    "createdAt" : ISODate("2020-08-22T16:12:13.338+0000"), 
    "exceedPaymentDate" : false, 
    "exceedCreditLimit" : false, 
    "days" : NumberInt(30), 
    "paymentInterval" : "Month", 
    "paymentFrequency" : NumberInt(1), 
    "creditLimit" : NumberInt(3000), 
    "__v" : NumberInt(0)
}
{ 
    "_id" : ObjectId("5f42a5fc6f0d7d32989a827c"), 
    "supplier" : ObjectId("5f41175c4fd10364fd9d30e3"), 
    "customerEmail" : "asif.malik@yopmail.com", 
    "status" : "Invited", 
    "startPaymentDate" : ISODate("2020-08-23T20:23:08.359+0000"), 
    "installment" : NumberInt(0), 
    "payingSoon" : false, 
    "dueDateMissed" : false, 
    "reservedBalance" : NumberInt(0), 
    "canOrder" : true, 
    "nextPaymentDueDate" : ISODate("2020-09-30T20:59:59.999+0000"), 
    "createdAt" : ISODate("2020-08-23T20:23:08.359+0000"), 
    "exceedPaymentDate" : false, 
    "exceedCreditLimit" : false, 
    "days" : NumberInt(31), 
    "paymentInterval" : "Month", 
    "paymentFrequency" : NumberInt(1), 
    "creditLimit" : NumberInt(3000), 
    "__v" : NumberInt(0)
}
{ 
    "_id" : ObjectId("5f42a68d6f0d7d32989a827d"), 
    "supplier" : ObjectId("5f41175c4fd10364fd9d30e3"), 
    "customerEmail" : "asif.saeed@mailinator.com", 
    "status" : "Active", 
    "startPaymentDate" : ISODate("2020-08-23T20:25:33.687+0000"), 
    "installment" : NumberInt(0), 
    "payingSoon" : false, 
    "dueDateMissed" : false, 
    "reservedBalance" : NumberInt(0), 
    "canOrder" : true, 
    "nextPaymentDueDate" : ISODate("2020-09-30T20:59:59.999+0000"), 
    "createdAt" : ISODate("2020-08-23T20:25:33.687+0000"), 
    "exceedPaymentDate" : false, 
    "exceedCreditLimit" : false, 
    "days" : NumberInt(25), 
    "paymentInterval" : "Month", 
    "paymentFrequency" : NumberInt(1), 
    "creditLimit" : NumberInt(3000), 
    "__v" : NumberInt(0)
}
{ 
    "_id" : ObjectId("5f42adc440093439207d987b"), 
    "supplier" : ObjectId("5f41175c4fd10364fd9d30e3"), 
    "customerEmail" : "asif.saeed@malinator.com", 
    "status" : "Invited", 
    "startPaymentDate" : ISODate("2020-08-23T20:56:20.797+0000"), 
    "installment" : NumberInt(0), 
    "payingSoon" : false, 
    "dueDateMissed" : false, 
    "reservedBalance" : NumberInt(0), 
    "canOrder" : true, 
    "nextPaymentDueDate" : ISODate("2020-09-30T20:59:59.999+0000"), 
    "createdAt" : ISODate("2020-08-23T20:56:20.797+0000"), 
    "exceedPaymentDate" : false, 
    "exceedCreditLimit" : false, 
    "days" : NumberInt(31), 
    "paymentInterval" : "Month", 
    "paymentFrequency" : NumberInt(1), 
    "creditLimit" : NumberInt(3000), 
    "__v" : NumberInt(0)
}
{ 
    "_id" : ObjectId("5f456a7795b1207f0d403b98"), 
    "supplier" : ObjectId("5f1a9c45cce33f65397fa7eb"), 
    "customerEmail" : "info@streatllc.com", 
    "status" : "Active", 
    "startPaymentDate" : ISODate("2020-08-25T22:45:59.162+0000"), 
    "installment" : NumberInt(0), 
    "payingSoon" : false, 
    "dueDateMissed" : false, 
    "reservedBalance" : NumberInt(0), 
    "canOrder" : true, 
    "nextPaymentDueDate" : ISODate("2020-09-30T20:59:59.999+0000"), 
    "createdAt" : ISODate("2020-08-25T22:45:59.162+0000"), 
    "exceedPaymentDate" : false, 
    "exceedCreditLimit" : false, 
    "days" : NumberInt(5), 
    "paymentInterval" : "Month", 
    "paymentFrequency" : NumberInt(1), 
    "creditLimit" : NumberInt(3000), 
    "__v" : NumberInt(0)
}
{ 
    "_id" : ObjectId("5f45a17cd0da7f4f7b1dbb69"), 
    "supplier" : ObjectId("5f1a9c45cce33f65397fa7eb"), 
    "customerEmail" : "alex9090@mailinator.com", 
    "status" : "Active", 
    "startPaymentDate" : ISODate("2020-08-26T02:40:44.251+0000"), 
    "installment" : NumberInt(0), 
    "payingSoon" : false, 
    "dueDateMissed" : false, 
    "reservedBalance" : NumberInt(0), 
    "canOrder" : true, 
    "nextPaymentDueDate" : ISODate("2020-09-30T23:59:59.999+0000"), 
    "createdAt" : ISODate("2020-08-26T02:40:44.251+0000"), 
    "exceedPaymentDate" : false, 
    "exceedCreditLimit" : false, 
    "days" : NumberInt(26), 
    "paymentInterval" : "Month", 
    "paymentFrequency" : NumberInt(1), 
    "creditLimit" : NumberInt(3000), 
    "__v" : NumberInt(0)
}
{ 
    "_id" : ObjectId("5f475f7a34139609320c2425"), 
    "supplier" : ObjectId("5f1a9c45cce33f65397fa7eb"), 
    "customerEmail" : "ahmed.omar@dosecafeksa.com", 
    "status" : "Active", 
    "startPaymentDate" : ISODate("2020-08-27T10:23:38.576+0000"), 
    "installment" : NumberInt(0), 
    "payingSoon" : false, 
    "dueDateMissed" : false, 
    "reservedBalance" : NumberInt(0), 
    "canOrder" : true, 
    "nextPaymentDueDate" : ISODate("2020-09-30T20:59:59.999+0000"), 
    "createdAt" : ISODate("2020-08-27T10:23:38.576+0000"), 
    "exceedPaymentDate" : false, 
    "exceedCreditLimit" : false, 
    "days" : NumberInt(31), 
    "paymentInterval" : "Month", 
    "paymentFrequency" : NumberInt(1), 
    "creditLimit" : NumberInt(3000), 
    "__v" : NumberInt(0)
}
{ 
    "_id" : ObjectId("5f4a6f419f78705936d5306e"), 
    "supplier" : ObjectId("5f4a6f019f78705936d5306b"), 
    "customerEmail" : "asyfsaeed.customer@mailinator.com", 
    "status" : "Active", 
    "startPaymentDate" : ISODate("2020-08-29T18:07:45.400+0000"), 
    "installment" : NumberInt(0), 
    "payingSoon" : false, 
    "dueDateMissed" : false, 
    "reservedBalance" : NumberInt(0), 
    "canOrder" : true, 
    "nextPaymentDueDate" : ISODate("2020-09-30T20:59:59.999+0000"), 
    "createdAt" : ISODate("2020-08-29T18:07:45.400+0000"), 
    "exceedPaymentDate" : false, 
    "exceedCreditLimit" : false, 
    "days" : NumberInt(0), 
    "paymentInterval" : "Month", 
    "paymentFrequency" : NumberInt(1), 
    "creditLimit" : NumberInt(3000), 
    "__v" : NumberInt(0)
}
{ 
    "_id" : ObjectId("5f4aa40243ce3f5fb73ea205"), 
    "supplier" : ObjectId("5f4aa3d443ce3f5fb73ea202"), 
    "customerEmail" : "malik@mailinator.com", 
    "status" : "Active", 
    "startPaymentDate" : ISODate("2020-08-29T21:52:50.679+0000"), 
    "installment" : NumberInt(0), 
    "payingSoon" : false, 
    "dueDateMissed" : false, 
    "reservedBalance" : NumberInt(0), 
    "canOrder" : true, 
    "nextPaymentDueDate" : ISODate("2020-09-30T20:59:59.999+0000"), 
    "createdAt" : ISODate("2020-08-29T21:52:50.678+0000"), 
    "exceedPaymentDate" : false, 
    "exceedCreditLimit" : false, 
    "days" : NumberInt(13), 
    "paymentInterval" : "Month", 
    "paymentFrequency" : NumberInt(1), 
    "creditLimit" : NumberInt(3000), 
    "__v" : NumberInt(0)
}
{ 
    "_id" : ObjectId("5f4aaa9e43ce3f5fb73ea210"), 
    "supplier" : ObjectId("5f4a6f019f78705936d5306b"), 
    "customerEmail" : "mo.supplier@mailinator.com", 
    "status" : "Active", 
    "startPaymentDate" : ISODate("2020-08-29T22:21:02.143+0000"), 
    "installment" : NumberInt(0), 
    "payingSoon" : false, 
    "dueDateMissed" : false, 
    "reservedBalance" : NumberInt(0), 
    "canOrder" : true, 
    "nextPaymentDueDate" : ISODate("2020-09-30T20:59:59.999+0000"), 
    "createdAt" : ISODate("2020-08-29T22:21:02.143+0000"), 
    "exceedPaymentDate" : false, 
    "exceedCreditLimit" : false, 
    "days" : NumberInt(23), 
    "paymentInterval" : "Month", 
    "paymentFrequency" : NumberInt(1), 
    "creditLimit" : NumberInt(3000), 
    "__v" : NumberInt(0)
}
{ 
    "_id" : ObjectId("5f4aafe543ce3f5fb73ea21d"), 
    "supplier" : ObjectId("5f4a6f019f78705936d5306b"), 
    "customerEmail" : "asyfsaeed202@mailinator.com", 
    "status" : "Active", 
    "startPaymentDate" : ISODate("2020-08-29T22:43:33.907+0000"), 
    "installment" : NumberInt(0), 
    "payingSoon" : false, 
    "dueDateMissed" : false, 
    "reservedBalance" : 7047.7, 
    "canOrder" : true, 
    "nextPaymentDueDate" : ISODate("2020-09-30T20:59:59.999+0000"), 
    "createdAt" : ISODate("2020-08-29T22:43:33.907+0000"), 
    "exceedPaymentDate" : false, 
    "exceedCreditLimit" : false, 
    "days" : NumberInt(23), 
    "paymentInterval" : "Month", 
    "paymentFrequency" : NumberInt(1), 
    "creditLimit" : NumberInt(3000), 
    "__v" : NumberInt(0)
}
{ 
    "_id" : ObjectId("5f4baf6688c88416142f5392"), 
    "supplier" : ObjectId("5f4aa3d443ce3f5fb73ea202"), 
    "customerEmail" : "malik2@mailinator.com", 
    "status" : "Invited", 
    "startPaymentDate" : ISODate("2020-08-30T16:53:42.754+0000"), 
    "installment" : NumberInt(0), 
    "payingSoon" : false, 
    "dueDateMissed" : false, 
    "reservedBalance" : NumberInt(0), 
    "canOrder" : true, 
    "nextPaymentDueDate" : ISODate("2020-09-30T20:59:59.999+0000"), 
    "createdAt" : ISODate("2020-08-30T16:53:42.754+0000"), 
    "exceedPaymentDate" : false, 
    "exceedCreditLimit" : false, 
    "days" : NumberInt(31), 
    "paymentInterval" : "Month", 
    "paymentFrequency" : NumberInt(1), 
    "creditLimit" : NumberInt(3000), 
    "__v" : NumberInt(0)
}
{ 
    "_id" : ObjectId("5f4bc402adc4d51af535b378"), 
    "supplier" : ObjectId("5f1a9c45cce33f65397fa7eb"), 
    "customerEmail" : "mo.cust@mailinator.com", 
    "status" : "Active", 
    "startPaymentDate" : ISODate("2020-08-30T18:21:38.171+0000"), 
    "installment" : NumberInt(0), 
    "payingSoon" : false, 
    "dueDateMissed" : false, 
    "reservedBalance" : NumberInt(0), 
    "canOrder" : true, 
    "nextPaymentDueDate" : ISODate("2020-09-30T20:59:59.999+0000"), 
    "createdAt" : ISODate("2020-08-30T18:21:38.171+0000"), 
    "exceedPaymentDate" : false, 
    "exceedCreditLimit" : false, 
    "days" : NumberInt(31), 
    "paymentInterval" : "Month", 
    "paymentFrequency" : NumberInt(1), 
    "creditLimit" : NumberInt(3000), 
    "__v" : NumberInt(0)
}
{ 
    "_id" : ObjectId("5f4bc567adc4d51af535b386"), 
    "supplier" : ObjectId("5f1a9c45cce33f65397fa7eb"), 
    "customerEmail" : "mo.cust1@mailinator.com", 
    "status" : "Active", 
    "startPaymentDate" : ISODate("2020-08-30T18:27:35.632+0000"), 
    "installment" : NumberInt(0), 
    "payingSoon" : false, 
    "dueDateMissed" : false, 
    "reservedBalance" : 264.5, 
    "canOrder" : true, 
    "nextPaymentDueDate" : ISODate("2020-09-30T20:59:59.999+0000"), 
    "createdAt" : ISODate("2020-08-30T18:27:35.632+0000"), 
    "exceedPaymentDate" : false, 
    "exceedCreditLimit" : false, 
    "days" : NumberInt(8), 
    "paymentInterval" : "Month", 
    "paymentFrequency" : NumberInt(1), 
    "creditLimit" : NumberInt(3000), 
    "__v" : NumberInt(0)
}
{ 
    "_id" : ObjectId("5f4c96b822c0291c7f2e5fb4"), 
    "supplier" : ObjectId("5f1a9c45cce33f65397fa7eb"), 
    "customerEmail" : "fabricadecafesa@gmail.com", 
    "status" : "Active", 
    "startPaymentDate" : ISODate("2020-08-31T09:20:40.412+0000"), 
    "installment" : NumberInt(0), 
    "payingSoon" : false, 
    "dueDateMissed" : false, 
    "reservedBalance" : 570.4, 
    "canOrder" : true, 
    "nextPaymentDueDate" : ISODate("2020-09-30T23:59:59.999+0000"), 
    "createdAt" : ISODate("2020-08-31T09:20:40.412+0000"), 
    "exceedPaymentDate" : false, 
    "exceedCreditLimit" : false, 
    "days" : NumberInt(20), 
    "paymentInterval" : "Month", 
    "paymentFrequency" : NumberInt(1), 
    "creditLimit" : NumberInt(20000), 
    "__v" : NumberInt(0)
}
{ 
    "_id" : ObjectId("5f4d24f622c0291c7f2e5fc0"), 
    "supplier" : ObjectId("5f1a9c45cce33f65397fa7eb"), 
    "customerEmail" : "samer@dosecafeksa.com", 
    "status" : "Active", 
    "startPaymentDate" : ISODate("2020-08-31T19:27:34.039+0000"), 
    "installment" : NumberInt(0), 
    "payingSoon" : false, 
    "dueDateMissed" : false, 
    "reservedBalance" : 2751.375, 
    "canOrder" : true, 
    "nextPaymentDueDate" : ISODate("2020-09-30T23:59:59.999+0000"), 
    "createdAt" : ISODate("2020-08-31T19:27:34.039+0000"), 
    "exceedPaymentDate" : true, 
    "exceedCreditLimit" : true, 
    "days" : NumberInt(20), 
    "paymentInterval" : "Month", 
    "paymentFrequency" : NumberInt(1), 
    "creditLimit" : NumberInt(50000), 
    "__v" : NumberInt(0)
}
{ 
    "_id" : ObjectId("5f4de25d1d2357606dfa189f"), 
    "supplier" : ObjectId("5ea86eb7d8d93354f616130a"), 
    "customerEmail" : "testwallah@mailinator.com", 
    "status" : "Active", 
    "startPaymentDate" : ISODate("2020-09-01T08:55:41.562+0000"), 
    "installment" : NumberInt(0), 
    "payingSoon" : false, 
    "dueDateMissed" : false, 
    "reservedBalance" : NumberInt(46), 
    "canOrder" : true, 
    "nextPaymentDueDate" : ISODate("2020-10-31T23:59:59.999+0000"), 
    "createdAt" : ISODate("2020-09-01T08:55:41.562+0000"), 
    "exceedPaymentDate" : false, 
    "exceedCreditLimit" : false, 
    "days" : NumberInt(15), 
    "paymentInterval" : "Month", 
    "paymentFrequency" : NumberInt(1), 
    "creditLimit" : NumberInt(6000), 
    "__v" : NumberInt(0)
}
{ 
    "_id" : ObjectId("5f4de32f1d2357606dfa18a6"), 
    "supplier" : ObjectId("5f1a9c45cce33f65397fa7eb"), 
    "customerEmail" : "testwallah@mailinator.com", 
    "status" : "Active", 
    "startPaymentDate" : ISODate("2020-09-01T08:59:11.900+0000"), 
    "installment" : NumberInt(0), 
    "payingSoon" : false, 
    "dueDateMissed" : false, 
    "reservedBalance" : NumberInt(0), 
    "canOrder" : true, 
    "nextPaymentDueDate" : ISODate("2020-10-30T20:59:59.999+0000"), 
    "createdAt" : ISODate("2020-09-01T08:59:11.900+0000"), 
    "exceedPaymentDate" : false, 
    "exceedCreditLimit" : false, 
    "days" : NumberInt(4), 
    "paymentInterval" : "Month", 
    "paymentFrequency" : NumberInt(1), 
    "creditLimit" : NumberInt(3000), 
    "__v" : NumberInt(0)
}
{ 
    "_id" : ObjectId("5f5004da0d4032396a3f33f0"), 
    "supplier" : ObjectId("5f1a9c45cce33f65397fa7eb"), 
    "customerEmail" : "amralibk@gmail.com", 
    "status" : "Active", 
    "startPaymentDate" : ISODate("2020-09-02T23:47:22.926+0000"), 
    "installment" : NumberInt(0), 
    "payingSoon" : false, 
    "dueDateMissed" : false, 
    "reservedBalance" : NumberInt(0), 
    "canOrder" : true, 
    "nextPaymentDueDate" : ISODate("2020-10-31T23:59:59.999+0000"), 
    "createdAt" : ISODate("2020-09-02T23:47:22.926+0000"), 
    "exceedPaymentDate" : true, 
    "exceedCreditLimit" : true, 
    "days" : NumberInt(20), 
    "paymentInterval" : "Month", 
    "paymentFrequency" : NumberInt(1), 
    "creditLimit" : NumberInt(1000000), 
    "__v" : NumberInt(0)
}
{ 
    "_id" : ObjectId("5f5498c60d4032396a3f35cc"), 
    "supplier" : ObjectId("5f1a9c45cce33f65397fa7eb"), 
    "customerEmail" : "alkrbigi@hotmail.com", 
    "status" : "Invited", 
    "startPaymentDate" : ISODate("2020-09-06T11:07:34.728+0000"), 
    "installment" : NumberInt(0), 
    "payingSoon" : false, 
    "dueDateMissed" : false, 
    "reservedBalance" : NumberInt(0), 
    "canOrder" : true, 
    "nextPaymentDueDate" : ISODate("2020-10-30T20:59:59.999+0000"), 
    "createdAt" : ISODate("2020-09-06T11:07:34.727+0000"), 
    "exceedPaymentDate" : false, 
    "exceedCreditLimit" : false, 
    "days" : NumberInt(30), 
    "paymentInterval" : "Month", 
    "paymentFrequency" : NumberInt(1), 
    "creditLimit" : NumberInt(3000), 
    "__v" : NumberInt(0)
}
{ 
    "_id" : ObjectId("5f5655c09f87db0270991bea"), 
    "supplier" : ObjectId("5f1a9c45cce33f65397fa7eb"), 
    "customerEmail" : "info@equal.coffee", 
    "status" : "Active", 
    "startPaymentDate" : ISODate("2020-09-07T18:46:08.600+0000"), 
    "installment" : NumberInt(0), 
    "payingSoon" : false, 
    "dueDateMissed" : false, 
    "reservedBalance" : NumberInt(0), 
    "canOrder" : true, 
    "nextPaymentDueDate" : ISODate("2020-10-30T20:59:59.999+0000"), 
    "createdAt" : ISODate("2020-09-07T18:46:08.600+0000"), 
    "exceedPaymentDate" : false, 
    "exceedCreditLimit" : false, 
    "days" : NumberInt(0), 
    "paymentInterval" : "Month", 
    "paymentFrequency" : NumberInt(1), 
    "creditLimit" : NumberInt(3000), 
    "__v" : NumberInt(0)
}
{ 
    "_id" : ObjectId("6045097a0f8bd968c407c185"), 
    "supplier" : ObjectId("5f1a9c45cce33f65397fa7eb"), 
    "customerEmail" : "boo@boo.com", 
    "status" : "Active", 
    "startPaymentDate" : ISODate("2021-03-07T20:12:26.475+0000"), 
    "installment" : NumberInt(0), 
    "payingSoon" : false, 
    "dueDateMissed" : false, 
    "reservedBalance" : NumberInt(0), 
    "canOrder" : true, 
    "nextPaymentDueDate" : ISODate("2021-04-30T20:59:59.999+0000"), 
    "createdAt" : ISODate("2021-03-07T20:12:26.475+0000"), 
    "exceedPaymentDate" : false, 
    "exceedCreditLimit" : false, 
    "days" : NumberInt(27), 
    "paymentInterval" : "Month", 
    "paymentFrequency" : NumberInt(1), 
    "creditLimit" : NumberInt(3000), 
    "__v" : NumberInt(0)
}
{ 
    "_id" : ObjectId("60a766acb998417218b255c7"), 
    "supplier" : ObjectId("5ea86eb7d8d93354f616130a"), 
    "customerEmail" : "jahanzebakbar7@gmail.com", 
    "status" : "Invited", 
    "startPaymentDate" : ISODate("2021-05-21T10:52:12.144+0000"), 
    "installment" : NumberInt(0), 
    "payingSoon" : false, 
    "dueDateMissed" : false, 
    "reservedBalance" : NumberInt(0), 
    "canOrder" : true, 
    "nextPaymentDueDate" : ISODate("2021-06-30T20:59:59.999+0000"), 
    "createdAt" : ISODate("2021-05-21T10:52:12.144+0000"), 
    "exceedPaymentDate" : false, 
    "exceedCreditLimit" : false, 
    "days" : NumberInt(31), 
    "paymentInterval" : "Month", 
    "paymentFrequency" : NumberInt(1), 
    "creditLimit" : NumberInt(3000), 
    "__v" : NumberInt(0)
}
{ 
    "_id" : ObjectId("60a8fa375d6faa50100aee0d"), 
    "supplier" : ObjectId("5ea86eb7d8d93354f616130a"), 
    "customerEmail" : "test1234@mailinator.com", 
    "status" : "Active", 
    "startPaymentDate" : ISODate("2021-05-22T15:33:59.951+0000"), 
    "installment" : NumberInt(0), 
    "payingSoon" : false, 
    "dueDateMissed" : false, 
    "reservedBalance" : NumberInt(0), 
    "canOrder" : true, 
    "nextPaymentDueDate" : ISODate("2021-06-30T20:59:59.999+0000"), 
    "createdAt" : ISODate("2021-05-22T15:33:59.951+0000"), 
    "exceedPaymentDate" : false, 
    "exceedCreditLimit" : false, 
    "days" : NumberInt(0), 
    "paymentInterval" : "Month", 
    "paymentFrequency" : NumberInt(1), 
    "creditLimit" : NumberInt(3000), 
    "__v" : NumberInt(0)
}
{ 
    "_id" : ObjectId("60bb3239e6fc60120dd79870"), 
    "supplier" : ObjectId("60bb2ebf864f657f35d5cb11"), 
    "customerEmail" : "asif.customer1@mailinator.com", 
    "status" : "Invited", 
    "startPaymentDate" : ISODate("2021-06-05T11:13:45.698+0000"), 
    "installment" : NumberInt(0), 
    "payingSoon" : false, 
    "dueDateMissed" : false, 
    "reservedBalance" : NumberInt(0), 
    "canOrder" : true, 
    "nextPaymentDueDate" : ISODate("2021-07-30T20:59:59.999+0000"), 
    "createdAt" : ISODate("2021-06-05T11:13:45.698+0000"), 
    "exceedPaymentDate" : false, 
    "exceedCreditLimit" : false, 
    "days" : NumberInt(30), 
    "paymentInterval" : "Month", 
    "paymentFrequency" : NumberInt(1), 
    "creditLimit" : NumberInt(3000), 
    "__v" : NumberInt(0)
}
{ 
    "_id" : ObjectId("60bb3299e6fc60120dd79871"), 
    "supplier" : ObjectId("60bb2ebf864f657f35d5cb11"), 
    "customerEmail" : "asif.customer2@mailinator.com", 
    "status" : "Invited", 
    "startPaymentDate" : ISODate("2021-06-05T11:15:21.964+0000"), 
    "installment" : NumberInt(0), 
    "payingSoon" : false, 
    "dueDateMissed" : false, 
    "reservedBalance" : NumberInt(0), 
    "canOrder" : true, 
    "nextPaymentDueDate" : ISODate("2021-07-30T20:59:59.999+0000"), 
    "createdAt" : ISODate("2021-06-05T11:15:21.963+0000"), 
    "exceedPaymentDate" : false, 
    "exceedCreditLimit" : false, 
    "days" : NumberInt(30), 
    "paymentInterval" : "Month", 
    "paymentFrequency" : NumberInt(1), 
    "creditLimit" : NumberInt(3000), 
    "__v" : NumberInt(0)
}
{ 
    "_id" : ObjectId("60bb35fcb2b127170967cb20"), 
    "supplier" : ObjectId("60bb2ebf864f657f35d5cb11"), 
    "customerEmail" : "asif.customer3@mailinator.com", 
    "status" : "Invited", 
    "startPaymentDate" : ISODate("2021-06-05T11:29:48.856+0000"), 
    "installment" : NumberInt(0), 
    "payingSoon" : false, 
    "dueDateMissed" : false, 
    "reservedBalance" : NumberInt(0), 
    "canOrder" : true, 
    "nextPaymentDueDate" : ISODate("2021-07-30T20:59:59.999+0000"), 
    "createdAt" : ISODate("2021-06-05T11:29:48.856+0000"), 
    "exceedPaymentDate" : false, 
    "exceedCreditLimit" : false, 
    "days" : NumberInt(30), 
    "paymentInterval" : "Month", 
    "paymentFrequency" : NumberInt(1), 
    "creditLimit" : NumberInt(3000), 
    "__v" : NumberInt(0)
}
{ 
    "_id" : ObjectId("60bb36f23711e8182d00f5b5"), 
    "supplier" : ObjectId("60bb2ebf864f657f35d5cb11"), 
    "customerEmail" : "asif.customer4@mailinator.com", 
    "status" : "Invited", 
    "startPaymentDate" : ISODate("2021-06-05T11:33:54.795+0000"), 
    "installment" : NumberInt(0), 
    "payingSoon" : false, 
    "dueDateMissed" : false, 
    "reservedBalance" : NumberInt(0), 
    "canOrder" : true, 
    "nextPaymentDueDate" : ISODate("2021-07-30T20:59:59.999+0000"), 
    "createdAt" : ISODate("2021-06-05T11:33:54.795+0000"), 
    "exceedPaymentDate" : false, 
    "exceedCreditLimit" : false, 
    "days" : NumberInt(30), 
    "paymentInterval" : "Month", 
    "paymentFrequency" : NumberInt(1), 
    "creditLimit" : NumberInt(3000), 
    "__v" : NumberInt(0)
}
{ 
    "_id" : ObjectId("60bb38bd902c471a3927392d"), 
    "supplier" : ObjectId("60bb2ebf864f657f35d5cb11"), 
    "customerEmail" : "asif.customer5@mailinator.com", 
    "status" : "Invited", 
    "startPaymentDate" : ISODate("2021-06-05T11:41:33.734+0000"), 
    "installment" : NumberInt(0), 
    "payingSoon" : false, 
    "dueDateMissed" : false, 
    "reservedBalance" : NumberInt(0), 
    "canOrder" : true, 
    "nextPaymentDueDate" : ISODate("2021-07-30T20:59:59.999+0000"), 
    "createdAt" : ISODate("2021-06-05T11:41:33.734+0000"), 
    "exceedPaymentDate" : false, 
    "exceedCreditLimit" : false, 
    "days" : NumberInt(30), 
    "paymentInterval" : "Month", 
    "paymentFrequency" : NumberInt(1), 
    "creditLimit" : NumberInt(3000), 
    "__v" : NumberInt(0)
}
{ 
    "_id" : ObjectId("60bb5881da5c163892d51f64"), 
    "supplier" : ObjectId("60bb2ebf864f657f35d5cb11"), 
    "customerEmail" : "asif.customer6@mailinator.com", 
    "status" : "Invited", 
    "startPaymentDate" : ISODate("2021-06-05T13:57:05.525+0000"), 
    "installment" : NumberInt(0), 
    "payingSoon" : false, 
    "dueDateMissed" : false, 
    "reservedBalance" : NumberInt(0), 
    "canOrder" : true, 
    "nextPaymentDueDate" : ISODate("2021-07-30T20:59:59.999+0000"), 
    "createdAt" : ISODate("2021-06-05T13:57:05.525+0000"), 
    "exceedPaymentDate" : false, 
    "exceedCreditLimit" : false, 
    "days" : NumberInt(30), 
    "paymentInterval" : "Month", 
    "paymentFrequency" : NumberInt(1), 
    "creditLimit" : NumberInt(3000), 
    "__v" : NumberInt(0)
}
{ 
    "_id" : ObjectId("60bb59111534ac396058efb9"), 
    "supplier" : ObjectId("60bb2ebf864f657f35d5cb11"), 
    "customerEmail" : "asif.customer7@mailinator.com", 
    "status" : "Active", 
    "startPaymentDate" : ISODate("2021-06-05T13:59:29.067+0000"), 
    "installment" : NumberInt(0), 
    "payingSoon" : false, 
    "dueDateMissed" : false, 
    "reservedBalance" : NumberInt(0), 
    "canOrder" : true, 
    "nextPaymentDueDate" : ISODate("2021-07-30T20:59:59.999+0000"), 
    "createdAt" : ISODate("2021-06-05T13:59:29.067+0000"), 
    "exceedPaymentDate" : false, 
    "exceedCreditLimit" : false, 
    "days" : NumberInt(0), 
    "paymentInterval" : "Month", 
    "paymentFrequency" : NumberInt(1), 
    "creditLimit" : NumberInt(3000), 
    "__v" : NumberInt(0)
}
