{ 
    "_id" : ObjectId("5f74f1d00e9f621d8f7c86c1"), 
    "invoiceId" : "SUPIv-150000001", 
    "supplier" : ObjectId("5f4a6f019f78705936d5306b"), 
    "customer" : ObjectId("5f4ab2a243ce3f5fb73ea21f"), 
    "isPaid" : false, 
    "close" : -462.30000000000007, 
    "total" : -754.4000000000001, 
    "createdAt" : ISODate("2020-09-20T20:30:44.311+0000"), 
    "transactions" : [
        ObjectId("5f6729f336802708be38ee18"), 
        ObjectId("5f65e88c8350fc34d5e59167"), 
        ObjectId("5f65e605a9cb5c33be1876e9"), 
        ObjectId("5f65bed241b1122e954c659b")
    ], 
    "__v" : NumberInt(0)
}
{ 
    "_id" : ObjectId("5f74f1d00e9f621d8f7c86c6"), 
    "invoiceId" : "SUPIv-150000001", 
    "supplier" : ObjectId("5f1a9c45cce33f65397fa7eb"), 
    "customer" : ObjectId("5f4ca6ee22c0291c7f2e5fb6"), 
    "isPaid" : false, 
    "close" : -11647.775000000001, 
    "total" : -137656.725, 
    "createdAt" : ISODate("2020-09-20T20:30:44.311+0000"), 
    "transactions" : [
        ObjectId("5f6efcfc0e9f621d8f7c8347"), 
        ObjectId("5f6efcba0e9f621d8f7c831f"), 
        ObjectId("5f6efc750e9f621d8f7c82f7"), 
        ObjectId("5f6b15a70e9f621d8f7c80ec"), 
        ObjectId("5f6b156c0e9f621d8f7c80c8"), 
        ObjectId("5f6b141e0e9f621d8f7c809c"), 
        ObjectId("5f6b13dc0e9f621d8f7c8078"), 
        ObjectId("5f6664fbd1527257b0f49420"), 
        ObjectId("5f651fd457ae8212ba0b4cc7"), 
        ObjectId("5f651fbd57ae8212ba0b4cab"), 
        ObjectId("5f622e0657ae8212ba0b4b5a"), 
        ObjectId("5f622e0257ae8212ba0b4b56"), 
        ObjectId("5f5fce3c57ae8212ba0b4aac"), 
        ObjectId("5f5fce2957ae8212ba0b4a8c"), 
        ObjectId("5f5d3c0a57ae8212ba0b49a3"), 
        ObjectId("5f5d3bad57ae8212ba0b4973"), 
        ObjectId("5f5ab7d418f07160ccfc7239"), 
        ObjectId("5f58cc609f87db0270991cc9"), 
        ObjectId("5f579c5b9f87db0270991c0a"), 
        ObjectId("5f55cc7b8d911f4a04884cd1"), 
        ObjectId("5f54de508d911f4a04884c7f"), 
        ObjectId("5f5430440d4032396a3f3597"), 
        ObjectId("5f52ea1a0d4032396a3f3528"), 
        ObjectId("5f50ae8d0d4032396a3f3479")
    ], 
    "__v" : NumberInt(0)
}
{ 
    "_id" : ObjectId("5f74f1d00e9f621d8f7c86c5"), 
    "invoiceId" : "SUPIv-150000001", 
    "supplier" : ObjectId("5f1a9c45cce33f65397fa7eb"), 
    "customer" : ObjectId("5f55f7bb8d911f4a04884d90"), 
    "isPaid" : false, 
    "close" : -36606.8, 
    "total" : -282099.5999999999, 
    "createdAt" : ISODate("2020-09-20T20:30:44.311+0000"), 
    "transactions" : [
        ObjectId("5f6efcf60e9f621d8f7c8343"), 
        ObjectId("5f6efc7d0e9f621d8f7c82fb"), 
        ObjectId("5f6efc320e9f621d8f7c82d3"), 
        ObjectId("5f6b15a00e9f621d8f7c80e8"), 
        ObjectId("5f6b15660e9f621d8f7c80c4"), 
        ObjectId("5f6b14260e9f621d8f7c80a0"), 
        ObjectId("5f6b13d00e9f621d8f7c8074"), 
        ObjectId("5f6664dcd1527257b0f493fc"), 
        ObjectId("5f651fba57ae8212ba0b4ca7"), 
        ObjectId("5f651f8d57ae8212ba0b4c83"), 
        ObjectId("5f622e0957ae8212ba0b4b5e"), 
        ObjectId("5f622dff57ae8212ba0b4b52"), 
        ObjectId("5f5fce4057ae8212ba0b4ab0"), 
        ObjectId("5f5fce2657ae8212ba0b4a88"), 
        ObjectId("5f5d3bb757ae8212ba0b4977"), 
        ObjectId("5f5d3b9657ae8212ba0b4963"), 
        ObjectId("5f5ab7d218f07160ccfc7235")
    ], 
    "__v" : NumberInt(0)
}
{ 
    "_id" : ObjectId("5f74f1d00e9f621d8f7c86c4"), 
    "invoiceId" : "SUPIv-150000001", 
    "supplier" : ObjectId("5f1a9c45cce33f65397fa7eb"), 
    "customer" : ObjectId("5f4d264122c0291c7f2e5fc2"), 
    "isPaid" : false, 
    "close" : -29269.47499999997, 
    "total" : -2800963.4499999937, 
    "createdAt" : ISODate("2020-09-20T20:30:44.311+0000"), 
    "transactions" : [
        ObjectId("5f708a830e9f621d8f7c84c1"), 
        ObjectId("5f708a1b0e9f621d8f7c84bd"), 
        ObjectId("5f7089fb0e9f621d8f7c84b9"), 
        ObjectId("5f7089ec0e9f621d8f7c84b5"), 
        ObjectId("5f7089e00e9f621d8f7c84b1"), 
        ObjectId("5f7089d10e9f621d8f7c84ad"), 
        ObjectId("5f7089c50e9f621d8f7c84a9"), 
        ObjectId("5f7089b90e9f621d8f7c84a5"), 
        ObjectId("5f6efcef0e9f621d8f7c833f"), 
        ObjectId("5f6efce80e9f621d8f7c833b"), 
        ObjectId("5f6efce10e9f621d8f7c8337"), 
        ObjectId("5f6efcdb0e9f621d8f7c8333"), 
        ObjectId("5f6efcd60e9f621d8f7c832f"), 
        ObjectId("5f6efccf0e9f621d8f7c832b"), 
        ObjectId("5f6efcc90e9f621d8f7c8327"), 
        ObjectId("5f6efcc10e9f621d8f7c8323"), 
        ObjectId("5f6efcb30e9f621d8f7c831b"), 
        ObjectId("5f6efcac0e9f621d8f7c8317"), 
        ObjectId("5f6efca40e9f621d8f7c8313"), 
        ObjectId("5f6efc9f0e9f621d8f7c830f"), 
        ObjectId("5f6efc990e9f621d8f7c830b"), 
        ObjectId("5f6efc920e9f621d8f7c8307"), 
        ObjectId("5f6efc8b0e9f621d8f7c8303"), 
        ObjectId("5f6efc840e9f621d8f7c82ff"), 
        ObjectId("5f6efc6b0e9f621d8f7c82f3"), 
        ObjectId("5f6efc650e9f621d8f7c82ef"), 
        ObjectId("5f6efc5c0e9f621d8f7c82eb"), 
        ObjectId("5f6efc560e9f621d8f7c82e7"), 
        ObjectId("5f6efc4f0e9f621d8f7c82e3"), 
        ObjectId("5f6efc490e9f621d8f7c82df"), 
        ObjectId("5f6efc420e9f621d8f7c82db"), 
        ObjectId("5f6efc3b0e9f621d8f7c82d7"), 
        ObjectId("5f6b159a0e9f621d8f7c80e4"), 
        ObjectId("5f6b15940e9f621d8f7c80e0"), 
        ObjectId("5f6b158e0e9f621d8f7c80dc"), 
        ObjectId("5f6b15870e9f621d8f7c80d8"), 
        ObjectId("5f6b15800e9f621d8f7c80d4"), 
        ObjectId("5f6b157a0e9f621d8f7c80d0"), 
        ObjectId("5f6b15730e9f621d8f7c80cc"), 
        ObjectId("5f6b155d0e9f621d8f7c80c0"), 
        ObjectId("5f6b14560e9f621d8f7c80bc"), 
        ObjectId("5f6b144f0e9f621d8f7c80b8"), 
        ObjectId("5f6b14480e9f621d8f7c80b4"), 
        ObjectId("5f6b14410e9f621d8f7c80b0"), 
        ObjectId("5f6b143a0e9f621d8f7c80ac"), 
        ObjectId("5f6b14330e9f621d8f7c80a8"), 
        ObjectId("5f6b142d0e9f621d8f7c80a4"), 
        ObjectId("5f6b14170e9f621d8f7c8098"), 
        ObjectId("5f6b14100e9f621d8f7c8094"), 
        ObjectId("5f6b14090e9f621d8f7c8090"), 
        ObjectId("5f6b14000e9f621d8f7c808c"), 
        ObjectId("5f6b13fa0e9f621d8f7c8088"), 
        ObjectId("5f6b13f30e9f621d8f7c8084"), 
        ObjectId("5f6b13ec0e9f621d8f7c8080"), 
        ObjectId("5f6b13e50e9f621d8f7c807c"), 
        ObjectId("5f6b13c90e9f621d8f7c8070"), 
        ObjectId("5f6b13c30e9f621d8f7c806c"), 
        ObjectId("5f6b13ba0e9f621d8f7c8068"), 
        ObjectId("5f6b13b30e9f621d8f7c8064"), 
        ObjectId("5f6b13ac0e9f621d8f7c8060"), 
        ObjectId("5f6b13a40e9f621d8f7c805c"), 
        ObjectId("5f6b139c0e9f621d8f7c8058"), 
        ObjectId("5f6b137f0e9f621d8f7c804e"), 
        ObjectId("5f677c3e2ef4bc0ac04f4497"), 
        ObjectId("5f6664f9d1527257b0f4941c"), 
        ObjectId("5f6664f6d1527257b0f49418"), 
        ObjectId("5f6664f3d1527257b0f49414"), 
        ObjectId("5f6664f1d1527257b0f49410"), 
        ObjectId("5f6664edd1527257b0f4940c"), 
        ObjectId("5f6664e4d1527257b0f49408"), 
        ObjectId("5f6664e1d1527257b0f49404"), 
        ObjectId("5f6664dfd1527257b0f49400"), 
        ObjectId("5f651fd957ae8212ba0b4ccf"), 
        ObjectId("5f651fd657ae8212ba0b4ccb"), 
        ObjectId("5f651fd157ae8212ba0b4cc3"), 
        ObjectId("5f651fce57ae8212ba0b4cbf"), 
        ObjectId("5f651fcb57ae8212ba0b4cbb"), 
        ObjectId("5f651fc857ae8212ba0b4cb7"), 
        ObjectId("5f651fc657ae8212ba0b4cb3"), 
        ObjectId("5f651fc357ae8212ba0b4caf"), 
        ObjectId("5f651fb857ae8212ba0b4ca3"), 
        ObjectId("5f651fb557ae8212ba0b4c9f"), 
        ObjectId("5f651fb157ae8212ba0b4c9c"), 
        ObjectId("5f651fad57ae8212ba0b4c97"), 
        ObjectId("5f651faa57ae8212ba0b4c93"), 
        ObjectId("5f651fa757ae8212ba0b4c8f"), 
        ObjectId("5f651fa257ae8212ba0b4c8b"), 
        ObjectId("5f651f9a57ae8212ba0b4c87"), 
        ObjectId("5f622e1f57ae8212ba0b4b7e"), 
        ObjectId("5f622e1c57ae8212ba0b4b7a"), 
        ObjectId("5f622e1a57ae8212ba0b4b76"), 
        ObjectId("5f622e1757ae8212ba0b4b72"), 
        ObjectId("5f622e1357ae8212ba0b4b6e"), 
        ObjectId("5f622e1057ae8212ba0b4b6a"), 
        ObjectId("5f622e0e57ae8212ba0b4b66"), 
        ObjectId("5f622e0b57ae8212ba0b4b62"), 
        ObjectId("5f5fce4357ae8212ba0b4ab4"), 
        ObjectId("5f5fce3a57ae8212ba0b4aa8"), 
        ObjectId("5f5fce3857ae8212ba0b4aa4"), 
        ObjectId("5f5fce3657ae8212ba0b4aa0"), 
        ObjectId("5f5fce3357ae8212ba0b4a9c"), 
        ObjectId("5f5fce3157ae8212ba0b4a98"), 
        ObjectId("5f5fce2f57ae8212ba0b4a94"), 
        ObjectId("5f5fce2d57ae8212ba0b4a90"), 
        ObjectId("5f5fce2357ae8212ba0b4a84"), 
        ObjectId("5f5fce2157ae8212ba0b4a80"), 
        ObjectId("5f5fce1e57ae8212ba0b4a7c"), 
        ObjectId("5f5fce1c57ae8212ba0b4a78"), 
        ObjectId("5f5fce1957ae8212ba0b4a74"), 
        ObjectId("5f5fce1657ae8212ba0b4a70"), 
        ObjectId("5f5fce1257ae8212ba0b4a6c"), 
        ObjectId("5f5d3c1257ae8212ba0b49ab"), 
        ObjectId("5f5d3c0e57ae8212ba0b49a7"), 
        ObjectId("5f5d3c0557ae8212ba0b499f"), 
        ObjectId("5f5d3c0057ae8212ba0b499b"), 
        ObjectId("5f5d3bfa57ae8212ba0b4997"), 
        ObjectId("5f5d3bf657ae8212ba0b4993"), 
        ObjectId("5f5d3bf157ae8212ba0b498f"), 
        ObjectId("5f5d3bed57ae8212ba0b498b"), 
        ObjectId("5f5d3bdf57ae8212ba0b4987"), 
        ObjectId("5f5d3bc857ae8212ba0b4983"), 
        ObjectId("5f5d3bc357ae8212ba0b497f"), 
        ObjectId("5f5d3bbd57ae8212ba0b497b"), 
        ObjectId("5f5d3ba857ae8212ba0b496f"), 
        ObjectId("5f5d3ba257ae8212ba0b496b"), 
        ObjectId("5f5d3b9e57ae8212ba0b4967"), 
        ObjectId("5f5d3b8c57ae8212ba0b495f"), 
        ObjectId("5f5d3b1157ae8212ba0b495b"), 
        ObjectId("5f5ab7d018f07160ccfc7231"), 
        ObjectId("5f5ab7cd18f07160ccfc722d"), 
        ObjectId("5f5ab7cb18f07160ccfc7229"), 
        ObjectId("5f5ab7c918f07160ccfc7225"), 
        ObjectId("5f5ab7c718f07160ccfc7221"), 
        ObjectId("5f5ab7c418f07160ccfc721d"), 
        ObjectId("5f5ab7c218f07160ccfc7219"), 
        ObjectId("5f5ab7c018f07160ccfc7215"), 
        ObjectId("5f58cc5c9f87db0270991cc5"), 
        ObjectId("5f58cc589f87db0270991cc1"), 
        ObjectId("5f58cc549f87db0270991cbd"), 
        ObjectId("5f58cc4f9f87db0270991cb9"), 
        ObjectId("5f58cc4a9f87db0270991cb4"), 
        ObjectId("5f58cc469f87db0270991cb0"), 
        ObjectId("5f58cc419f87db0270991cac"), 
        ObjectId("5f58cc3d9f87db0270991ca7"), 
        ObjectId("5f579cf39f87db0270991c2a"), 
        ObjectId("5f579cef9f87db0270991c26"), 
        ObjectId("5f579ceb9f87db0270991c22"), 
        ObjectId("5f579cbf9f87db0270991c1e"), 
        ObjectId("5f579cb99f87db0270991c1a"), 
        ObjectId("5f579cb29f87db0270991c16"), 
        ObjectId("5f579caa9f87db0270991c12"), 
        ObjectId("5f579ca49f87db0270991c0e"), 
        ObjectId("5f55de388d911f4a04884d41"), 
        ObjectId("5f55de358d911f4a04884d3d"), 
        ObjectId("5f55de328d911f4a04884d39"), 
        ObjectId("5f55de2f8d911f4a04884d35"), 
        ObjectId("5f55de2b8d911f4a04884d31"), 
        ObjectId("5f55de288d911f4a04884d2d"), 
        ObjectId("5f55de268d911f4a04884d29"), 
        ObjectId("5f55de228d911f4a04884d25"), 
        ObjectId("5f55755c8d911f4a04884cca"), 
        ObjectId("5f5575578d911f4a04884cc6"), 
        ObjectId("5f5575528d911f4a04884cc2"), 
        ObjectId("5f55754d8d911f4a04884cbe"), 
        ObjectId("5f5575488d911f4a04884cba"), 
        ObjectId("5f5575428d911f4a04884cb6"), 
        ObjectId("5f55753b8d911f4a04884cb2"), 
        ObjectId("5f5575308d911f4a04884cae"), 
        ObjectId("5f54303b0d4032396a3f3593"), 
        ObjectId("5f5430310d4032396a3f358f"), 
        ObjectId("5f54301e0d4032396a3f358b"), 
        ObjectId("5f5430100d4032396a3f3587"), 
        ObjectId("5f54300a0d4032396a3f3583"), 
        ObjectId("5f5430020d4032396a3f357f"), 
        ObjectId("5f542ff80d4032396a3f357b"), 
        ObjectId("5f542ff00d4032396a3f3577"), 
        ObjectId("5f52ea320d4032396a3f3544"), 
        ObjectId("5f52ea2f0d4032396a3f3540"), 
        ObjectId("5f52ea2b0d4032396a3f353c"), 
        ObjectId("5f52ea280d4032396a3f3538"), 
        ObjectId("5f52ea250d4032396a3f3534"), 
        ObjectId("5f52ea220d4032396a3f3530"), 
        ObjectId("5f52ea1e0d4032396a3f352c"), 
        ObjectId("5f52ea170d4032396a3f3524"), 
        ObjectId("5f50ae8a0d4032396a3f3475"), 
        ObjectId("5f50ae870d4032396a3f3472"), 
        ObjectId("5f50ae830d4032396a3f346d"), 
        ObjectId("5f50ae800d4032396a3f3469"), 
        ObjectId("5f50ae7c0d4032396a3f3465"), 
        ObjectId("5f50ae790d4032396a3f3461"), 
        ObjectId("5f50ae750d4032396a3f345d"), 
        ObjectId("5f50ae700d4032396a3f3459")
    ], 
    "__v" : NumberInt(0)
}
{ 
    "_id" : ObjectId("5f74f1d00e9f621d8f7c86c2"), 
    "invoiceId" : "SUPIv-150000001", 
    "supplier" : ObjectId("5f4a6f019f78705936d5306b"), 
    "isPaid" : false, 
    "close" : NumberInt(0), 
    "total" : NumberInt(0), 
    "createdAt" : ISODate("2020-09-20T20:30:44.311+0000"), 
    "transactions" : [
        ObjectId("5f6729f336802708be38ee19"), 
        ObjectId("5f65e88c8350fc34d5e59168"), 
        ObjectId("5f65e605a9cb5c33be1876ea"), 
        ObjectId("5f65bed241b1122e954c659c")
    ], 
    "__v" : NumberInt(0)
}
{ 
    "_id" : ObjectId("5f74f1d00e9f621d8f7c86c3"), 
    "invoiceId" : "SUPIv-150000001", 
    "supplier" : ObjectId("5f1a9c45cce33f65397fa7eb"), 
    "isPaid" : false, 
    "close" : NumberInt(0), 
    "total" : NumberInt(0), 
    "createdAt" : ISODate("2020-09-20T20:30:44.311+0000"), 
    "transactions" : [
        ObjectId("5f708a830e9f621d8f7c84c2"), 
        ObjectId("5f708a1b0e9f621d8f7c84be"), 
        ObjectId("5f7089fb0e9f621d8f7c84ba"), 
        ObjectId("5f7089ec0e9f621d8f7c84b6"), 
        ObjectId("5f7089e00e9f621d8f7c84b2"), 
        ObjectId("5f7089d10e9f621d8f7c84ae"), 
        ObjectId("5f7089c50e9f621d8f7c84aa"), 
        ObjectId("5f7089b90e9f621d8f7c84a6"), 
        ObjectId("5f6efcfc0e9f621d8f7c8348"), 
        ObjectId("5f6efcf60e9f621d8f7c8344"), 
        ObjectId("5f6efcef0e9f621d8f7c8340"), 
        ObjectId("5f6efce80e9f621d8f7c833c"), 
        ObjectId("5f6efce10e9f621d8f7c8338"), 
        ObjectId("5f6efcdb0e9f621d8f7c8334"), 
        ObjectId("5f6efcd60e9f621d8f7c8330"), 
        ObjectId("5f6efccf0e9f621d8f7c832c"), 
        ObjectId("5f6efcc90e9f621d8f7c8328"), 
        ObjectId("5f6efcc10e9f621d8f7c8324"), 
        ObjectId("5f6efcba0e9f621d8f7c8320"), 
        ObjectId("5f6efcb30e9f621d8f7c831c"), 
        ObjectId("5f6efcac0e9f621d8f7c8318"), 
        ObjectId("5f6efca40e9f621d8f7c8314"), 
        ObjectId("5f6efc9f0e9f621d8f7c8310"), 
        ObjectId("5f6efc990e9f621d8f7c830c"), 
        ObjectId("5f6efc920e9f621d8f7c8308"), 
        ObjectId("5f6efc8b0e9f621d8f7c8304"), 
        ObjectId("5f6efc840e9f621d8f7c8300"), 
        ObjectId("5f6efc7d0e9f621d8f7c82fc"), 
        ObjectId("5f6efc750e9f621d8f7c82f8"), 
        ObjectId("5f6efc6b0e9f621d8f7c82f4"), 
        ObjectId("5f6efc650e9f621d8f7c82f0"), 
        ObjectId("5f6efc5c0e9f621d8f7c82ec"), 
        ObjectId("5f6efc560e9f621d8f7c82e8"), 
        ObjectId("5f6efc4f0e9f621d8f7c82e4"), 
        ObjectId("5f6efc490e9f621d8f7c82e0"), 
        ObjectId("5f6efc420e9f621d8f7c82dc"), 
        ObjectId("5f6efc3b0e9f621d8f7c82d8"), 
        ObjectId("5f6efc320e9f621d8f7c82d4"), 
        ObjectId("5f6b15a70e9f621d8f7c80ed"), 
        ObjectId("5f6b15a00e9f621d8f7c80e9"), 
        ObjectId("5f6b159a0e9f621d8f7c80e5"), 
        ObjectId("5f6b15940e9f621d8f7c80e1"), 
        ObjectId("5f6b158e0e9f621d8f7c80dd"), 
        ObjectId("5f6b15870e9f621d8f7c80d9"), 
        ObjectId("5f6b15800e9f621d8f7c80d5"), 
        ObjectId("5f6b157a0e9f621d8f7c80d1"), 
        ObjectId("5f6b15730e9f621d8f7c80cd"), 
        ObjectId("5f6b156c0e9f621d8f7c80c9"), 
        ObjectId("5f6b15660e9f621d8f7c80c5"), 
        ObjectId("5f6b155d0e9f621d8f7c80c1"), 
        ObjectId("5f6b14560e9f621d8f7c80bd"), 
        ObjectId("5f6b144f0e9f621d8f7c80b9"), 
        ObjectId("5f6b14480e9f621d8f7c80b5"), 
        ObjectId("5f6b14410e9f621d8f7c80b1"), 
        ObjectId("5f6b143a0e9f621d8f7c80ad"), 
        ObjectId("5f6b14330e9f621d8f7c80a9"), 
        ObjectId("5f6b142d0e9f621d8f7c80a5"), 
        ObjectId("5f6b14260e9f621d8f7c80a1"), 
        ObjectId("5f6b141e0e9f621d8f7c809d"), 
        ObjectId("5f6b14170e9f621d8f7c8099"), 
        ObjectId("5f6b14100e9f621d8f7c8095"), 
        ObjectId("5f6b14090e9f621d8f7c8091"), 
        ObjectId("5f6b14000e9f621d8f7c808d"), 
        ObjectId("5f6b13fa0e9f621d8f7c8089"), 
        ObjectId("5f6b13f30e9f621d8f7c8085"), 
        ObjectId("5f6b13ec0e9f621d8f7c8081"), 
        ObjectId("5f6b13e50e9f621d8f7c807d"), 
        ObjectId("5f6b13dc0e9f621d8f7c8079"), 
        ObjectId("5f6b13d00e9f621d8f7c8075"), 
        ObjectId("5f6b13c90e9f621d8f7c8071"), 
        ObjectId("5f6b13c30e9f621d8f7c806d"), 
        ObjectId("5f6b13ba0e9f621d8f7c8069"), 
        ObjectId("5f6b13b30e9f621d8f7c8065"), 
        ObjectId("5f6b13ac0e9f621d8f7c8061"), 
        ObjectId("5f6b13a40e9f621d8f7c805d"), 
        ObjectId("5f6b139c0e9f621d8f7c8059"), 
        ObjectId("5f6b137f0e9f621d8f7c804f"), 
        ObjectId("5f677c3e2ef4bc0ac04f4498"), 
        ObjectId("5f6664fbd1527257b0f49421"), 
        ObjectId("5f6664f9d1527257b0f4941d"), 
        ObjectId("5f6664f6d1527257b0f49419"), 
        ObjectId("5f6664f3d1527257b0f49415"), 
        ObjectId("5f6664f1d1527257b0f49411"), 
        ObjectId("5f6664edd1527257b0f4940d"), 
        ObjectId("5f6664e4d1527257b0f49409"), 
        ObjectId("5f6664e1d1527257b0f49405"), 
        ObjectId("5f6664dfd1527257b0f49401"), 
        ObjectId("5f6664dcd1527257b0f493fd"), 
        ObjectId("5f651fd957ae8212ba0b4cd0"), 
        ObjectId("5f651fd657ae8212ba0b4ccc"), 
        ObjectId("5f651fd457ae8212ba0b4cc8"), 
        ObjectId("5f651fd157ae8212ba0b4cc4"), 
        ObjectId("5f651fce57ae8212ba0b4cc0"), 
        ObjectId("5f651fcb57ae8212ba0b4cbc"), 
        ObjectId("5f651fc857ae8212ba0b4cb8"), 
        ObjectId("5f651fc657ae8212ba0b4cb4"), 
        ObjectId("5f651fc357ae8212ba0b4cb0"), 
        ObjectId("5f651fbd57ae8212ba0b4cac"), 
        ObjectId("5f651fba57ae8212ba0b4ca8"), 
        ObjectId("5f651fb857ae8212ba0b4ca4"), 
        ObjectId("5f651fb557ae8212ba0b4ca0"), 
        ObjectId("5f651fb157ae8212ba0b4c9b"), 
        ObjectId("5f651fad57ae8212ba0b4c98"), 
        ObjectId("5f651faa57ae8212ba0b4c94"), 
        ObjectId("5f651fa757ae8212ba0b4c90"), 
        ObjectId("5f651fa257ae8212ba0b4c8c"), 
        ObjectId("5f651f9a57ae8212ba0b4c88"), 
        ObjectId("5f651f8d57ae8212ba0b4c84"), 
        ObjectId("5f622e1f57ae8212ba0b4b7f"), 
        ObjectId("5f622e1c57ae8212ba0b4b7b"), 
        ObjectId("5f622e1a57ae8212ba0b4b77"), 
        ObjectId("5f622e1757ae8212ba0b4b73"), 
        ObjectId("5f622e1357ae8212ba0b4b6f"), 
        ObjectId("5f622e1057ae8212ba0b4b6b"), 
        ObjectId("5f622e0e57ae8212ba0b4b67"), 
        ObjectId("5f622e0b57ae8212ba0b4b63"), 
        ObjectId("5f622e0957ae8212ba0b4b5f"), 
        ObjectId("5f622e0657ae8212ba0b4b5b"), 
        ObjectId("5f622e0257ae8212ba0b4b57"), 
        ObjectId("5f622dff57ae8212ba0b4b53"), 
        ObjectId("5f5fce4357ae8212ba0b4ab5"), 
        ObjectId("5f5fce4057ae8212ba0b4ab1"), 
        ObjectId("5f5fce3c57ae8212ba0b4aad"), 
        ObjectId("5f5fce3a57ae8212ba0b4aa9"), 
        ObjectId("5f5fce3857ae8212ba0b4aa5"), 
        ObjectId("5f5fce3657ae8212ba0b4aa1"), 
        ObjectId("5f5fce3357ae8212ba0b4a9d"), 
        ObjectId("5f5fce3157ae8212ba0b4a99"), 
        ObjectId("5f5fce2f57ae8212ba0b4a95"), 
        ObjectId("5f5fce2d57ae8212ba0b4a91"), 
        ObjectId("5f5fce2957ae8212ba0b4a8d"), 
        ObjectId("5f5fce2657ae8212ba0b4a89"), 
        ObjectId("5f5fce2357ae8212ba0b4a85"), 
        ObjectId("5f5fce2157ae8212ba0b4a81"), 
        ObjectId("5f5fce1e57ae8212ba0b4a7d"), 
        ObjectId("5f5fce1c57ae8212ba0b4a79"), 
        ObjectId("5f5fce1957ae8212ba0b4a75"), 
        ObjectId("5f5fce1657ae8212ba0b4a71"), 
        ObjectId("5f5fce1257ae8212ba0b4a6d"), 
        ObjectId("5f5d3c1257ae8212ba0b49ac"), 
        ObjectId("5f5d3c0e57ae8212ba0b49a8"), 
        ObjectId("5f5d3c0a57ae8212ba0b49a4"), 
        ObjectId("5f5d3c0557ae8212ba0b49a0"), 
        ObjectId("5f5d3c0057ae8212ba0b499c"), 
        ObjectId("5f5d3bfa57ae8212ba0b4998"), 
        ObjectId("5f5d3bf657ae8212ba0b4994"), 
        ObjectId("5f5d3bf157ae8212ba0b4990"), 
        ObjectId("5f5d3bed57ae8212ba0b498c"), 
        ObjectId("5f5d3bdf57ae8212ba0b4988"), 
        ObjectId("5f5d3bc857ae8212ba0b4984"), 
        ObjectId("5f5d3bc357ae8212ba0b4980"), 
        ObjectId("5f5d3bbd57ae8212ba0b497c"), 
        ObjectId("5f5d3bb757ae8212ba0b4978"), 
        ObjectId("5f5d3bad57ae8212ba0b4974"), 
        ObjectId("5f5d3ba857ae8212ba0b4970"), 
        ObjectId("5f5d3ba257ae8212ba0b496c"), 
        ObjectId("5f5d3b9e57ae8212ba0b4968"), 
        ObjectId("5f5d3b9657ae8212ba0b4964"), 
        ObjectId("5f5d3b8c57ae8212ba0b4960"), 
        ObjectId("5f5d3b1157ae8212ba0b495c"), 
        ObjectId("5f5ab7d418f07160ccfc723a"), 
        ObjectId("5f5ab7d218f07160ccfc7236"), 
        ObjectId("5f5ab7d018f07160ccfc7232"), 
        ObjectId("5f5ab7cd18f07160ccfc722e"), 
        ObjectId("5f5ab7cb18f07160ccfc722a"), 
        ObjectId("5f5ab7c918f07160ccfc7226"), 
        ObjectId("5f5ab7c718f07160ccfc7222"), 
        ObjectId("5f5ab7c418f07160ccfc721e"), 
        ObjectId("5f5ab7c218f07160ccfc721a"), 
        ObjectId("5f5ab7c018f07160ccfc7216"), 
        ObjectId("5f58cc609f87db0270991cca"), 
        ObjectId("5f58cc5c9f87db0270991cc6"), 
        ObjectId("5f58cc589f87db0270991cc2"), 
        ObjectId("5f58cc549f87db0270991cbe"), 
        ObjectId("5f58cc4f9f87db0270991cba"), 
        ObjectId("5f58cc4a9f87db0270991cb5"), 
        ObjectId("5f58cc469f87db0270991cb1"), 
        ObjectId("5f58cc419f87db0270991cad"), 
        ObjectId("5f58cc3d9f87db0270991ca8"), 
        ObjectId("5f579cf39f87db0270991c2b"), 
        ObjectId("5f579cef9f87db0270991c27"), 
        ObjectId("5f579ceb9f87db0270991c23"), 
        ObjectId("5f579cbf9f87db0270991c1f"), 
        ObjectId("5f579cb99f87db0270991c1b"), 
        ObjectId("5f579cb29f87db0270991c17"), 
        ObjectId("5f579caa9f87db0270991c13"), 
        ObjectId("5f579ca49f87db0270991c0f"), 
        ObjectId("5f579c5b9f87db0270991c0b"), 
        ObjectId("5f55de388d911f4a04884d42"), 
        ObjectId("5f55de358d911f4a04884d3e"), 
        ObjectId("5f55de328d911f4a04884d3a"), 
        ObjectId("5f55de2f8d911f4a04884d36"), 
        ObjectId("5f55de2b8d911f4a04884d32"), 
        ObjectId("5f55de288d911f4a04884d2e"), 
        ObjectId("5f55de268d911f4a04884d2a"), 
        ObjectId("5f55de228d911f4a04884d26"), 
        ObjectId("5f55cc7b8d911f4a04884cd2"), 
        ObjectId("5f55755c8d911f4a04884ccb"), 
        ObjectId("5f5575578d911f4a04884cc7"), 
        ObjectId("5f5575528d911f4a04884cc3"), 
        ObjectId("5f55754d8d911f4a04884cbf"), 
        ObjectId("5f5575488d911f4a04884cbb"), 
        ObjectId("5f5575428d911f4a04884cb7"), 
        ObjectId("5f55753b8d911f4a04884cb3"), 
        ObjectId("5f5575308d911f4a04884caf"), 
        ObjectId("5f54de508d911f4a04884c80"), 
        ObjectId("5f5430440d4032396a3f3598"), 
        ObjectId("5f54303b0d4032396a3f3594"), 
        ObjectId("5f5430310d4032396a3f3590"), 
        ObjectId("5f54301e0d4032396a3f358c"), 
        ObjectId("5f5430100d4032396a3f3588"), 
        ObjectId("5f54300a0d4032396a3f3584"), 
        ObjectId("5f5430020d4032396a3f3580"), 
        ObjectId("5f542ff80d4032396a3f357c"), 
        ObjectId("5f542ff00d4032396a3f3578"), 
        ObjectId("5f52ea320d4032396a3f3545"), 
        ObjectId("5f52ea2f0d4032396a3f3541"), 
        ObjectId("5f52ea2b0d4032396a3f353d"), 
        ObjectId("5f52ea280d4032396a3f3539"), 
        ObjectId("5f52ea250d4032396a3f3535"), 
        ObjectId("5f52ea220d4032396a3f3531"), 
        ObjectId("5f52ea1e0d4032396a3f352d"), 
        ObjectId("5f52ea1a0d4032396a3f3529"), 
        ObjectId("5f52ea170d4032396a3f3525"), 
        ObjectId("5f50ae8d0d4032396a3f347a"), 
        ObjectId("5f50ae8a0d4032396a3f3476"), 
        ObjectId("5f50ae870d4032396a3f3471"), 
        ObjectId("5f50ae830d4032396a3f346e"), 
        ObjectId("5f50ae800d4032396a3f346a"), 
        ObjectId("5f50ae7c0d4032396a3f3466"), 
        ObjectId("5f50ae790d4032396a3f3462"), 
        ObjectId("5f50ae750d4032396a3f345e"), 
        ObjectId("5f50ae700d4032396a3f345a")
    ], 
    "__v" : NumberInt(0)
}
{ 
    "_id" : ObjectId("5f9dd050a861373b3eca4772"), 
    "invoiceId" : "SUPIv-150000003", 
    "supplier" : ObjectId("5f4a6f019f78705936d5306b"), 
    "isPaid" : false, 
    "close" : NumberInt(0), 
    "total" : NumberInt(0), 
    "createdAt" : ISODate("2020-10-30T16:01:40.078+0000"), 
    "transactions" : [
        ObjectId("5f89dd6e7aa5de58202401df")
    ], 
    "__v" : NumberInt(0)
}
{ 
    "_id" : ObjectId("5f9dd050a861373b3eca4773"), 
    "invoiceId" : "SUPIv-150000003", 
    "supplier" : ObjectId("5f4a6f019f78705936d5306b"), 
    "customer" : ObjectId("5f4ab2a243ce3f5fb73ea21f"), 
    "isPaid" : false, 
    "close" : -526.7, 
    "total" : -526.7, 
    "createdAt" : ISODate("2020-10-30T16:01:40.078+0000"), 
    "transactions" : [
        ObjectId("5f89dd6e7aa5de58202401de")
    ], 
    "__v" : NumberInt(0)
}
{ 
    "_id" : ObjectId("5f9dd050a861373b3eca4774"), 
    "invoiceId" : "SUPIv-150000003", 
    "supplier" : ObjectId("5f1a9c45cce33f65397fa7eb"), 
    "customer" : ObjectId("5f4d264122c0291c7f2e5fc2"), 
    "isPaid" : false, 
    "close" : -42781.39999999996, 
    "total" : -3068589.824999999, 
    "createdAt" : ISODate("2020-10-30T16:01:40.078+0000"), 
    "transactions" : [
        ObjectId("5f83ff487aa5de582023ff1d"), 
        ObjectId("5f83ff427aa5de582023ff19"), 
        ObjectId("5f830c877aa5de582023fe83"), 
        ObjectId("5f8307297aa5de582023fe7f"), 
        ObjectId("5f8307247aa5de582023fe7b"), 
        ObjectId("5f7c2e330e9f621d8f7c8b6c"), 
        ObjectId("5f7c2d4d0e9f621d8f7c8b68"), 
        ObjectId("5f7c2d090e9f621d8f7c8b64"), 
        ObjectId("5f7c2d030e9f621d8f7c8b60"), 
        ObjectId("5f7c2cf40e9f621d8f7c8b5c"), 
        ObjectId("5f7c2cef0e9f621d8f7c8b58"), 
        ObjectId("5f7c2ce00e9f621d8f7c8b54"), 
        ObjectId("5f7c2cd60e9f621d8f7c8b50"), 
        ObjectId("5f7c2cb90e9f621d8f7c8b40"), 
        ObjectId("5f7c2cb20e9f621d8f7c8b3c"), 
        ObjectId("5f7c2cac0e9f621d8f7c8b38"), 
        ObjectId("5f7c2c960e9f621d8f7c8b34"), 
        ObjectId("5f7c2c8d0e9f621d8f7c8b30"), 
        ObjectId("5f7c2c850e9f621d8f7c8b2c"), 
        ObjectId("5f7c2c770e9f621d8f7c8b28"), 
        ObjectId("5f7c2c6e0e9f621d8f7c8b24"), 
        ObjectId("5f7c2c670e9f621d8f7c8b20"), 
        ObjectId("5f7c2c450e9f621d8f7c8b14"), 
        ObjectId("5f7c2c3d0e9f621d8f7c8b10"), 
        ObjectId("5f7c2c360e9f621d8f7c8b0c"), 
        ObjectId("5f7c2c2b0e9f621d8f7c8b08"), 
        ObjectId("5f7c2c240e9f621d8f7c8b04"), 
        ObjectId("5f7c2c1d0e9f621d8f7c8b00"), 
        ObjectId("5f7c2bf80e9f621d8f7c8afc"), 
        ObjectId("5f7c2bdb0e9f621d8f7c8af8"), 
        ObjectId("5f7c2bd50e9f621d8f7c8af4"), 
        ObjectId("5f7c2bc30e9f621d8f7c8ae8"), 
        ObjectId("5f7c2bbb0e9f621d8f7c8ae4"), 
        ObjectId("5f7c2bb50e9f621d8f7c8ae0"), 
        ObjectId("5f7c2bae0e9f621d8f7c8adc"), 
        ObjectId("5f7c2ba70e9f621d8f7c8ad8"), 
        ObjectId("5f7c2b9f0e9f621d8f7c8ad4"), 
        ObjectId("5f7c2b990e9f621d8f7c8ad0"), 
        ObjectId("5f7c2b930e9f621d8f7c8acc"), 
        ObjectId("5f7c2b8d0e9f621d8f7c8ac8"), 
        ObjectId("5f7c2b7a0e9f621d8f7c8abc"), 
        ObjectId("5f7c2b720e9f621d8f7c8ab8"), 
        ObjectId("5f7c2b6b0e9f621d8f7c8ab4"), 
        ObjectId("5f7c2b630e9f621d8f7c8ab0"), 
        ObjectId("5f7c2b5e0e9f621d8f7c8aac"), 
        ObjectId("5f7c2b580e9f621d8f7c8aa8"), 
        ObjectId("5f7c2b520e9f621d8f7c8aa4"), 
        ObjectId("5f7c2b4c0e9f621d8f7c8aa0"), 
        ObjectId("5f7c2b440e9f621d8f7c8a9c"), 
        ObjectId("5f7c2b130e9f621d8f7c8a90"), 
        ObjectId("5f7c2b060e9f621d8f7c8a8c"), 
        ObjectId("5f7c2afa0e9f621d8f7c8a88"), 
        ObjectId("5f7c2aed0e9f621d8f7c8a84"), 
        ObjectId("5f7c2ae40e9f621d8f7c8a80"), 
        ObjectId("5f7c2ac30e9f621d8f7c8a7c"), 
        ObjectId("5f7c2aaf0e9f621d8f7c8a78"), 
        ObjectId("5f7c2aa20e9f621d8f7c8a74"), 
        ObjectId("5f7c2a900e9f621d8f7c8a70"), 
        ObjectId("5f7c2a650e9f621d8f7c8a64"), 
        ObjectId("5f7c2a5c0e9f621d8f7c8a60"), 
        ObjectId("5f7c2a2f0e9f621d8f7c8a5c"), 
        ObjectId("5f7c2a260e9f621d8f7c8a58"), 
        ObjectId("5f7c2a1e0e9f621d8f7c8a54"), 
        ObjectId("5f7c2a140e9f621d8f7c8a50"), 
        ObjectId("5f7c2a0d0e9f621d8f7c8a4c"), 
        ObjectId("5f7c2a040e9f621d8f7c8a48"), 
        ObjectId("5f7c29fb0e9f621d8f7c8a44"), 
        ObjectId("5f7c29e40e9f621d8f7c8a38"), 
        ObjectId("5f7c29de0e9f621d8f7c8a34"), 
        ObjectId("5f7c29d80e9f621d8f7c8a30"), 
        ObjectId("5f7c29d20e9f621d8f7c8a2c"), 
        ObjectId("5f7c29c80e9f621d8f7c8a28"), 
        ObjectId("5f7c29c00e9f621d8f7c8a24"), 
        ObjectId("5f7c29b70e9f621d8f7c8a20"), 
        ObjectId("5f7c29ac0e9f621d8f7c8a1c"), 
        ObjectId("5f7c29a40e9f621d8f7c8a18"), 
        ObjectId("5f7c27d30e9f621d8f7c8a08"), 
        ObjectId("5f7c27cc0e9f621d8f7c8a04"), 
        ObjectId("5f7c27c30e9f621d8f7c8a00"), 
        ObjectId("5f7c27b30e9f621d8f7c89fc"), 
        ObjectId("5f7c27a20e9f621d8f7c89f8"), 
        ObjectId("5f7c279b0e9f621d8f7c89f4"), 
        ObjectId("5f7c27930e9f621d8f7c89f0"), 
        ObjectId("5f7c278c0e9f621d8f7c89ec"), 
        ObjectId("5f7c27810e9f621d8f7c89e8")
    ], 
    "__v" : NumberInt(0)
}
{ 
    "_id" : ObjectId("5f9dd050a861373b3eca4775"), 
    "invoiceId" : "SUPIv-150000003", 
    "supplier" : ObjectId("5f1a9c45cce33f65397fa7eb"), 
    "customer" : ObjectId("5f55f7bb8d911f4a04884d90"), 
    "isPaid" : false, 
    "close" : -78236.8, 
    "total" : -472714.39999999997, 
    "createdAt" : ISODate("2020-10-30T16:01:40.078+0000"), 
    "transactions" : [
        ObjectId("5f7c2cc70e9f621d8f7c8b48"), 
        ObjectId("5f7c2c520e9f621d8f7c8b1c"), 
        ObjectId("5f7c2bcf0e9f621d8f7c8af0"), 
        ObjectId("5f7c2b860e9f621d8f7c8ac4"), 
        ObjectId("5f7c2b3a0e9f621d8f7c8a98"), 
        ObjectId("5f7c2a7e0e9f621d8f7c8a6c"), 
        ObjectId("5f7c29f50e9f621d8f7c8a40"), 
        ObjectId("5f7c27da0e9f621d8f7c8a0c")
    ], 
    "__v" : NumberInt(0)
}
{ 
    "_id" : ObjectId("5f9dd050a861373b3eca4776"), 
    "invoiceId" : "SUPIv-150000003", 
    "supplier" : ObjectId("5f1a9c45cce33f65397fa7eb"), 
    "isPaid" : false, 
    "close" : NumberInt(0), 
    "total" : NumberInt(0), 
    "createdAt" : ISODate("2020-10-30T16:01:40.078+0000"), 
    "transactions" : [
        ObjectId("5f83ff487aa5de582023ff1e"), 
        ObjectId("5f83ff427aa5de582023ff1a"), 
        ObjectId("5f830c877aa5de582023fe84"), 
        ObjectId("5f8307297aa5de582023fe80"), 
        ObjectId("5f8307247aa5de582023fe7c"), 
        ObjectId("5f7c2e330e9f621d8f7c8b6d"), 
        ObjectId("5f7c2d4d0e9f621d8f7c8b69"), 
        ObjectId("5f7c2d090e9f621d8f7c8b65"), 
        ObjectId("5f7c2d030e9f621d8f7c8b61"), 
        ObjectId("5f7c2cf40e9f621d8f7c8b5d"), 
        ObjectId("5f7c2cef0e9f621d8f7c8b59"), 
        ObjectId("5f7c2ce00e9f621d8f7c8b55"), 
        ObjectId("5f7c2cd60e9f621d8f7c8b51"), 
        ObjectId("5f7c2ccf0e9f621d8f7c8b4d"), 
        ObjectId("5f7c2cc70e9f621d8f7c8b49"), 
        ObjectId("5f7c2cc00e9f621d8f7c8b45"), 
        ObjectId("5f7c2cb90e9f621d8f7c8b41"), 
        ObjectId("5f7c2cb20e9f621d8f7c8b3d"), 
        ObjectId("5f7c2cac0e9f621d8f7c8b39"), 
        ObjectId("5f7c2c960e9f621d8f7c8b35"), 
        ObjectId("5f7c2c8d0e9f621d8f7c8b31"), 
        ObjectId("5f7c2c850e9f621d8f7c8b2d"), 
        ObjectId("5f7c2c770e9f621d8f7c8b29"), 
        ObjectId("5f7c2c6e0e9f621d8f7c8b25"), 
        ObjectId("5f7c2c670e9f621d8f7c8b21"), 
        ObjectId("5f7c2c520e9f621d8f7c8b1d"), 
        ObjectId("5f7c2c4c0e9f621d8f7c8b19"), 
        ObjectId("5f7c2c450e9f621d8f7c8b15"), 
        ObjectId("5f7c2c3d0e9f621d8f7c8b11"), 
        ObjectId("5f7c2c360e9f621d8f7c8b0d"), 
        ObjectId("5f7c2c2b0e9f621d8f7c8b09"), 
        ObjectId("5f7c2c240e9f621d8f7c8b05"), 
        ObjectId("5f7c2c1d0e9f621d8f7c8b01"), 
        ObjectId("5f7c2bf80e9f621d8f7c8afd"), 
        ObjectId("5f7c2bdb0e9f621d8f7c8af9"), 
        ObjectId("5f7c2bd50e9f621d8f7c8af5"), 
        ObjectId("5f7c2bcf0e9f621d8f7c8af1"), 
        ObjectId("5f7c2bc90e9f621d8f7c8aed"), 
        ObjectId("5f7c2bc30e9f621d8f7c8ae9"), 
        ObjectId("5f7c2bbb0e9f621d8f7c8ae5"), 
        ObjectId("5f7c2bb50e9f621d8f7c8ae1"), 
        ObjectId("5f7c2bae0e9f621d8f7c8add"), 
        ObjectId("5f7c2ba70e9f621d8f7c8ad9"), 
        ObjectId("5f7c2b9f0e9f621d8f7c8ad5"), 
        ObjectId("5f7c2b990e9f621d8f7c8ad1"), 
        ObjectId("5f7c2b930e9f621d8f7c8acd"), 
        ObjectId("5f7c2b8d0e9f621d8f7c8ac9"), 
        ObjectId("5f7c2b860e9f621d8f7c8ac5"), 
        ObjectId("5f7c2b800e9f621d8f7c8ac1"), 
        ObjectId("5f7c2b7a0e9f621d8f7c8abd"), 
        ObjectId("5f7c2b720e9f621d8f7c8ab9"), 
        ObjectId("5f7c2b6b0e9f621d8f7c8ab5"), 
        ObjectId("5f7c2b630e9f621d8f7c8ab1"), 
        ObjectId("5f7c2b5e0e9f621d8f7c8aad"), 
        ObjectId("5f7c2b580e9f621d8f7c8aa9"), 
        ObjectId("5f7c2b520e9f621d8f7c8aa5"), 
        ObjectId("5f7c2b4c0e9f621d8f7c8aa1"), 
        ObjectId("5f7c2b440e9f621d8f7c8a9d"), 
        ObjectId("5f7c2b3a0e9f621d8f7c8a99"), 
        ObjectId("5f7c2b330e9f621d8f7c8a95"), 
        ObjectId("5f7c2b130e9f621d8f7c8a91"), 
        ObjectId("5f7c2b060e9f621d8f7c8a8d"), 
        ObjectId("5f7c2afa0e9f621d8f7c8a89"), 
        ObjectId("5f7c2aed0e9f621d8f7c8a85"), 
        ObjectId("5f7c2ae40e9f621d8f7c8a81"), 
        ObjectId("5f7c2ac30e9f621d8f7c8a7d"), 
        ObjectId("5f7c2aaf0e9f621d8f7c8a79"), 
        ObjectId("5f7c2aa20e9f621d8f7c8a75"), 
        ObjectId("5f7c2a900e9f621d8f7c8a71"), 
        ObjectId("5f7c2a7e0e9f621d8f7c8a6d"), 
        ObjectId("5f7c2a760e9f621d8f7c8a69"), 
        ObjectId("5f7c2a650e9f621d8f7c8a65"), 
        ObjectId("5f7c2a5c0e9f621d8f7c8a61"), 
        ObjectId("5f7c2a2f0e9f621d8f7c8a5d"), 
        ObjectId("5f7c2a260e9f621d8f7c8a59"), 
        ObjectId("5f7c2a1e0e9f621d8f7c8a55"), 
        ObjectId("5f7c2a140e9f621d8f7c8a51"), 
        ObjectId("5f7c2a0d0e9f621d8f7c8a4d"), 
        ObjectId("5f7c2a040e9f621d8f7c8a49"), 
        ObjectId("5f7c29fb0e9f621d8f7c8a45"), 
        ObjectId("5f7c29f50e9f621d8f7c8a41"), 
        ObjectId("5f7c29ed0e9f621d8f7c8a3d"), 
        ObjectId("5f7c29e40e9f621d8f7c8a39"), 
        ObjectId("5f7c29de0e9f621d8f7c8a35"), 
        ObjectId("5f7c29d80e9f621d8f7c8a31"), 
        ObjectId("5f7c29d20e9f621d8f7c8a2d"), 
        ObjectId("5f7c29c80e9f621d8f7c8a29"), 
        ObjectId("5f7c29c00e9f621d8f7c8a25"), 
        ObjectId("5f7c29b70e9f621d8f7c8a21"), 
        ObjectId("5f7c29ac0e9f621d8f7c8a1d"), 
        ObjectId("5f7c29a40e9f621d8f7c8a19"), 
        ObjectId("5f7c299d0e9f621d8f7c8a15"), 
        ObjectId("5f7c27da0e9f621d8f7c8a0d"), 
        ObjectId("5f7c27d30e9f621d8f7c8a09"), 
        ObjectId("5f7c27cc0e9f621d8f7c8a05"), 
        ObjectId("5f7c27c30e9f621d8f7c8a01"), 
        ObjectId("5f7c27b30e9f621d8f7c89fd"), 
        ObjectId("5f7c27a20e9f621d8f7c89f9"), 
        ObjectId("5f7c279b0e9f621d8f7c89f5"), 
        ObjectId("5f7c27930e9f621d8f7c89f1"), 
        ObjectId("5f7c278c0e9f621d8f7c89ed"), 
        ObjectId("5f7c27810e9f621d8f7c89e9")
    ], 
    "__v" : NumberInt(0)
}
{ 
    "_id" : ObjectId("5f9dd050a861373b3eca4777"), 
    "invoiceId" : "SUPIv-150000003", 
    "supplier" : ObjectId("5f1a9c45cce33f65397fa7eb"), 
    "customer" : ObjectId("5f4ca6ee22c0291c7f2e5fb6"), 
    "isPaid" : false, 
    "close" : -17325.325, 
    "total" : -133983.05000000002, 
    "createdAt" : ISODate("2020-10-30T16:01:40.078+0000"), 
    "transactions" : [
        ObjectId("5f7c2ccf0e9f621d8f7c8b4c"), 
        ObjectId("5f7c2cc00e9f621d8f7c8b44"), 
        ObjectId("5f7c2c4c0e9f621d8f7c8b18"), 
        ObjectId("5f7c2bc90e9f621d8f7c8aec"), 
        ObjectId("5f7c2b800e9f621d8f7c8ac0"), 
        ObjectId("5f7c2b330e9f621d8f7c8a94"), 
        ObjectId("5f7c2a760e9f621d8f7c8a68"), 
        ObjectId("5f7c29ed0e9f621d8f7c8a3c"), 
        ObjectId("5f7c299d0e9f621d8f7c8a14")
    ], 
    "__v" : NumberInt(0)
}
{ 
    "_id" : ObjectId("5fc55d501e65cf0f5432d9a3"), 
    "invoiceId" : "SUPIv-150000005", 
    "supplier" : ObjectId("5f1a9c45cce33f65397fa7eb"), 
    "isPaid" : false, 
    "close" : NumberInt(0), 
    "total" : NumberInt(0), 
    "createdAt" : ISODate("2020-11-29T21:43:10.696+0000"), 
    "transactions" : [
        ObjectId("5fa6ea2a03fedb3288628d5a"), 
        ObjectId("5fa6e5cf03fedb3288628d4d"), 
        ObjectId("5fa6e25b03fedb3288628d47"), 
        ObjectId("5fa6d886c0f55847c6262d63"), 
        ObjectId("5fa6c46cc0f55847c6262d57")
    ], 
    "__v" : NumberInt(0)
}
{ 
    "_id" : ObjectId("5fc55d501e65cf0f5432d9a4"), 
    "invoiceId" : "SUPIv-150000005", 
    "supplier" : ObjectId("5f4a6f019f78705936d5306b"), 
    "isPaid" : false, 
    "close" : NumberInt(0), 
    "total" : NumberInt(0), 
    "createdAt" : ISODate("2020-11-29T21:43:10.696+0000"), 
    "transactions" : [
        ObjectId("5fa048e0a861373b3eca48a9")
    ], 
    "__v" : NumberInt(0)
}
{ 
    "_id" : ObjectId("5fc55d501e65cf0f5432d9a5"), 
    "invoiceId" : "SUPIv-150000005", 
    "supplier" : ObjectId("5f4a6f019f78705936d5306b"), 
    "customer" : ObjectId("5f4ab2a243ce3f5fb73ea21f"), 
    "isPaid" : false, 
    "close" : -549.7, 
    "total" : -549.7, 
    "createdAt" : ISODate("2020-11-29T21:43:10.696+0000"), 
    "transactions" : [
        ObjectId("5fa048e0a861373b3eca48a8")
    ], 
    "__v" : NumberInt(0)
}
{ 
    "_id" : ObjectId("5fc55d501e65cf0f5432d9a6"), 
    "invoiceId" : "SUPIv-150000005", 
    "supplier" : ObjectId("5f1a9c45cce33f65397fa7eb"), 
    "customer" : ObjectId("5f4d264122c0291c7f2e5fc2"), 
    "isPaid" : false, 
    "close" : -43080.39999999996, 
    "total" : -43080.39999999996, 
    "createdAt" : ISODate("2020-11-29T21:43:10.696+0000"), 
    "transactions" : [
        ObjectId("5fa6ea2a03fedb3288628d59")
    ], 
    "__v" : NumberInt(0)
}
{ 
    "_id" : ObjectId("5fc55d501e65cf0f5432d9a7"), 
    "invoiceId" : "SUPIv-150000005", 
    "supplier" : ObjectId("5f1a9c45cce33f65397fa7eb"), 
    "customer" : ObjectId("5f55f7bb8d911f4a04884d90"), 
    "isPaid" : false, 
    "close" : -87413.8, 
    "total" : -337919.45, 
    "createdAt" : ISODate("2020-11-29T21:43:10.696+0000"), 
    "transactions" : [
        ObjectId("5fa6e5cf03fedb3288628d4c"), 
        ObjectId("5fa6e25b03fedb3288628d46"), 
        ObjectId("5fa6d886c0f55847c6262d62"), 
        ObjectId("5fa6c46cc0f55847c6262d56")
    ], 
    "__v" : NumberInt(0)
}
{ 
    "_id" : ObjectId("5fee3bd0f119405807319896"), 
    "invoiceId" : "SUPIv-150000007", 
    "supplier" : ObjectId("5f4a6f019f78705936d5306b"), 
    "customer" : ObjectId("5f4ab2a243ce3f5fb73ea21f"), 
    "isPaid" : false, 
    "close" : -561.2, 
    "total" : -561.2, 
    "createdAt" : ISODate("2020-12-01T22:40:25.727+0000"), 
    "transactions" : [
        ObjectId("5fd46a0cf119405807319894")
    ], 
    "__v" : NumberInt(0)
}
{ 
    "_id" : ObjectId("5fee3bd0f119405807319897"), 
    "invoiceId" : "SUPIv-150000007", 
    "supplier" : ObjectId("5f4a6f019f78705936d5306b"), 
    "isPaid" : false, 
    "close" : NumberInt(0), 
    "total" : NumberInt(0), 
    "createdAt" : ISODate("2020-12-01T22:40:25.727+0000"), 
    "transactions" : [
        ObjectId("5fd46a0cf119405807319895")
    ], 
    "__v" : NumberInt(0)
}
{ 
    "_id" : ObjectId("6064e2d0d03f717e8a01fdd2"), 
    "invoiceId" : "SUPIv-150000009", 
    "supplier" : ObjectId("5f4a6f019f78705936d5306b"), 
    "isPaid" : false, 
    "close" : NumberInt(0), 
    "total" : NumberInt(0), 
    "createdAt" : ISODate("2021-03-13T22:23:56.416+0000"), 
    "transactions" : [
        ObjectId("604a39ac62065f505d4a2a0d"), 
        ObjectId("604a39a762065f505d4a2a09")
    ], 
    "__v" : NumberInt(0)
}
{ 
    "_id" : ObjectId("6064e2d0d03f717e8a01fdd1"), 
    "invoiceId" : "SUPIv-150000009", 
    "supplier" : ObjectId("5f4a6f019f78705936d5306b"), 
    "customer" : ObjectId("5f4ab2a243ce3f5fb73ea21f"), 
    "isPaid" : false, 
    "close" : NumberInt(-736), 
    "total" : -1437.5, 
    "createdAt" : ISODate("2021-03-13T22:23:56.416+0000"), 
    "transactions" : [
        ObjectId("604a39ac62065f505d4a2a0c"), 
        ObjectId("604a39a762065f505d4a2a08")
    ], 
    "__v" : NumberInt(0)
}
{ 
    "_id" : ObjectId("60b54e50c8712f22f822892a"), 
    "invoiceId" : "SUPIv-150000011", 
    "supplier" : ObjectId("5f1a9c45cce33f65397fa7eb"), 
    "customer" : ObjectId("5f4d264122c0291c7f2e5fc2"), 
    "isPaid" : false, 
    "close" : -43156.874999999956, 
    "total" : -43156.874999999956, 
    "createdAt" : ISODate("2021-05-26T10:52:31.313+0000"), 
    "transactions" : [
        ObjectId("60adfe5ac8712f22f8228914")
    ], 
    "__v" : NumberInt(0)
}
{ 
    "_id" : ObjectId("60b54e50c8712f22f822892b"), 
    "invoiceId" : "SUPIv-150000011", 
    "supplier" : ObjectId("5f1a9c45cce33f65397fa7eb"), 
    "isPaid" : false, 
    "close" : NumberInt(0), 
    "total" : NumberInt(0), 
    "createdAt" : ISODate("2021-05-26T10:52:31.313+0000"), 
    "transactions" : [
        ObjectId("60adfe5ac8712f22f8228915")
    ], 
    "__v" : NumberInt(0)
}
{ 
    "_id" : ObjectId("60dcdb505585df5ff43db8bb"), 
    "invoiceId" : "SUPIv-150000013", 
    "supplier" : ObjectId("60bb2ebf864f657f35d5cb11"), 
    "customer" : ObjectId("60bb59c11534ac396058efbb"), 
    "isPaid" : false, 
    "close" : NumberInt(-1104), 
    "total" : NumberInt(-11247), 
    "createdAt" : ISODate("2021-06-26T17:34:12.432+0000"), 
    "transactions" : [
        ObjectId("60bb75beeb63885611ff778a"), 
        ObjectId("60bb7435eb63885611ff777a"), 
        ObjectId("60bb73452dddf854fc710b1f"), 
        ObjectId("60bb7257f2c650539efe8954"), 
        ObjectId("60bb71a4a6f0a152bd78e476"), 
        ObjectId("60bb6f8ff06d05508f308557"), 
        ObjectId("60bb6e8e0069524f1c4c16fa"), 
        ObjectId("60bb6cdbe7ce414cb39c175f"), 
        ObjectId("60bb6b5285bc664b7c47d338"), 
        ObjectId("60bb6926636f9c4852daf71f"), 
        ObjectId("60bb675470308346af22a3db"), 
        ObjectId("60bb6634517e33455cea365f"), 
        ObjectId("60bb64682ff68640cedc64f6"), 
        ObjectId("60bb62122ff68640cedc64ed"), 
        ObjectId("60bb60131534ac396058efd9")
    ], 
    "__v" : NumberInt(0)
}
{ 
    "_id" : ObjectId("60dcdb505585df5ff43db8ba"), 
    "invoiceId" : "SUPIv-150000013", 
    "supplier" : ObjectId("60bb2ebf864f657f35d5cb11"), 
    "isPaid" : false, 
    "close" : NumberInt(0), 
    "total" : NumberInt(0), 
    "createdAt" : ISODate("2021-06-26T17:34:12.432+0000"), 
    "transactions" : [
        ObjectId("60bb75beeb63885611ff778b"), 
        ObjectId("60bb7435eb63885611ff777b"), 
        ObjectId("60bb73452dddf854fc710b20"), 
        ObjectId("60bb7257f2c650539efe8955"), 
        ObjectId("60bb71a4a6f0a152bd78e477"), 
        ObjectId("60bb6f8ff06d05508f308558"), 
        ObjectId("60bb6e8e0069524f1c4c16fb"), 
        ObjectId("60bb6cdbe7ce414cb39c1760"), 
        ObjectId("60bb6b5285bc664b7c47d339"), 
        ObjectId("60bb6926636f9c4852daf720"), 
        ObjectId("60bb675470308346af22a3dc"), 
        ObjectId("60bb6634517e33455cea3660"), 
        ObjectId("60bb64682ff68640cedc64f7"), 
        ObjectId("60bb62122ff68640cedc64ee"), 
        ObjectId("60bb60131534ac396058efda")
    ], 
    "__v" : NumberInt(0)
}
{ 
    "_id" : ObjectId("6105b9d0594ce11b6e3ad996"), 
    "invoiceId" : "SUPIv-150000015", 
    "supplier" : ObjectId("5f1a9c45cce33f65397fa7eb"), 
    "customer" : ObjectId("60293aee8e96b72ae212c3af"), 
    "isPaid" : false, 
    "close" : -57.5, 
    "total" : -57.5, 
    "createdAt" : ISODate("2021-07-04T22:17:09.557+0000"), 
    "transactions" : [
        ObjectId("60e414f0594ce11b6e3ad925")
    ], 
    "__v" : NumberInt(0)
}
{ 
    "_id" : ObjectId("6105b9d0594ce11b6e3ad997"), 
    "invoiceId" : "SUPIv-150000015", 
    "supplier" : ObjectId("5f1a9c45cce33f65397fa7eb"), 
    "isPaid" : false, 
    "close" : NumberInt(0), 
    "total" : NumberInt(0), 
    "createdAt" : ISODate("2021-07-04T22:17:09.557+0000"), 
    "transactions" : [
        ObjectId("60e414f0594ce11b6e3ad926")
    ], 
    "__v" : NumberInt(0)
}
