{ 
    "_id" : ObjectId("5ea87176d8d93354f6161312"), 
    "supplier" : ObjectId("5ea86eb7d8d93354f616130a"), 
    "arabicName" : "دونات محشية  بنكهة الكاسترد (كبير)", 
    "englishName" : "Kinder Bueno stuffed Dounts s", 
    "arabicDescription" : "دونات محشية  بنكهة الكاسترد (كبير)", 
    "englishDescription" : "Kinder Bueno stuffed Dounts s", 
    "price" : NumberInt(30), 
    "unit" : ObjectId("5ea87137d8d93354f6161311"), 
    "deleted" : false, 
    "createdAt" : ISODate("2020-04-28T21:09:58.970+0000"), 
    "status" : "Active", 
    "coverPhoto" : "30829430aea2e65ba9202e4813dadb69", 
    "images" : [
        "", 
        "", 
        ""
    ], 
    "categories" : [
        ObjectId("5ea870e7d8d93354f616130f")
    ], 
    "__v" : NumberInt(4)
}
{ 
    "_id" : ObjectId("5ef8e693d8d93354f616135b"), 
    "supplier" : ObjectId("5ef8e0ded8d93354f6161356"), 
    "arabicName" : "تقنية معلومات", 
    "englishName" : "IT", 
    "arabicDescription" : ".m.nj,mn", 
    "englishDescription" : "zzz", 
    "price" : NumberInt(99), 
    "unit" : ObjectId("5ea87137d8d93354f6161311"), 
    "deleted" : false, 
    "createdAt" : ISODate("2020-06-28T21:50:59.831+0000"), 
    "status" : "Active", 
    "coverPhoto" : "1d04ab80ebeea0ad897a159aa13bb28e", 
    "images" : [
        "", 
        "", 
        ""
    ], 
    "categories" : [
        ObjectId("5ea870e7d8d93354f616130f")
    ], 
    "__v" : NumberInt(0)
}
{ 
    "_id" : ObjectId("5f1aa346cce33f65397fa7ef"), 
    "supplier" : ObjectId("5f1a9c45cce33f65397fa7eb"), 
    "arabicName" : "دونات نوتيلا (كبير)", 
    "englishName" : "Nutella Donut (Large)", 
    "arabicDescription" : "دونات محشي بشكولاته البندق", 
    "englishDescription" : "Donut stuffed with Nutella", 
    "sku" : "SKU001L", 
    "price" : NumberInt(6), 
    "unit" : ObjectId("5ea87137d8d93354f6161311"), 
    "deleted" : false, 
    "createdAt" : ISODate("2020-07-24T12:00:54.951+0000"), 
    "status" : "Active", 
    "coverPhoto" : "1a1f8eb05e0a21c8e99e879e5fbf1835", 
    "images" : [
        "", 
        "", 
        ""
    ], 
    "categories" : [
        ObjectId("5ea870e7d8d93354f616130f")
    ], 
    "__v" : NumberInt(1)
}
{ 
    "_id" : ObjectId("5f1aa38fcce33f65397fa7f0"), 
    "supplier" : ObjectId("5f1a9c45cce33f65397fa7eb"), 
    "arabicName" : "دونات نوتيلا (صغير)", 
    "englishName" : "Nutella Donut (Small)", 
    "arabicDescription" : "دونات محشي بشكولاته البندق", 
    "englishDescription" : "Donut stuffed with Nutella", 
    "sku" : "SKU001S", 
    "price" : NumberInt(3), 
    "unit" : ObjectId("5ea87137d8d93354f6161311"), 
    "deleted" : false, 
    "createdAt" : ISODate("2020-07-24T12:02:07.452+0000"), 
    "status" : "Active", 
    "coverPhoto" : "02be3724e5b5110f0fa4ad830553a424", 
    "images" : [
        "", 
        "", 
        ""
    ], 
    "categories" : [
        ObjectId("5ea870e7d8d93354f616130f")
    ], 
    "__v" : NumberInt(1)
}
{ 
    "_id" : ObjectId("5f1aa6a3cce33f65397fa7f1"), 
    "supplier" : ObjectId("5f1a9c45cce33f65397fa7eb"), 
    "arabicName" : "دونات فيروروشيه (كبير)", 
    "englishName" : "Ferrero Rocher Donut (Large)", 
    "arabicDescription" : "دونات محشي بشكولاته فيروروشيه", 
    "englishDescription" : "Donut stuffed with Ferrero Rocher", 
    "sku" : "SKU002L", 
    "price" : NumberInt(6), 
    "unit" : ObjectId("5ea87137d8d93354f6161311"), 
    "deleted" : false, 
    "createdAt" : ISODate("2020-07-24T12:15:15.582+0000"), 
    "status" : "Active", 
    "coverPhoto" : "0d241dd84eac1be9c54b768ebcfc274e", 
    "images" : [
        "", 
        "", 
        ""
    ], 
    "categories" : [
        ObjectId("5ea870e7d8d93354f616130f")
    ], 
    "__v" : NumberInt(0)
}
{ 
    "_id" : ObjectId("5f1aa723cce33f65397fa7f2"), 
    "supplier" : ObjectId("5f1a9c45cce33f65397fa7eb"), 
    "arabicName" : "دونات فيروروشيه (صغير)", 
    "englishName" : "Ferrero Rocher Donut (Small)", 
    "arabicDescription" : "دونات محشي بشكولاته فيروروشيه", 
    "englishDescription" : "Donut stuffed with  Ferrero Rocher", 
    "sku" : "SKU002S", 
    "price" : NumberInt(3), 
    "unit" : ObjectId("5ea87137d8d93354f6161311"), 
    "deleted" : false, 
    "createdAt" : ISODate("2020-07-24T12:17:23.675+0000"), 
    "status" : "Active", 
    "coverPhoto" : "f5c58a9f83598c5c7fd320bd4ee1580f", 
    "images" : [
        "", 
        "", 
        ""
    ], 
    "categories" : [
        ObjectId("5ea870e7d8d93354f616130f")
    ], 
    "__v" : NumberInt(0)
}
{ 
    "_id" : ObjectId("5f1aa8bbcce33f65397fa7f3"), 
    "supplier" : ObjectId("5f1a9c45cce33f65397fa7eb"), 
    "arabicName" : "دونات مربى الفراولة (كبير)", 
    "englishName" : "Strawberry Jam Donut (Large)", 
    "arabicDescription" : "دونات محشي مربى الفراولة", 
    "englishDescription" : "Donut stuffed with Strawberry Jam", 
    "sku" : "SKU003L", 
    "price" : NumberInt(6), 
    "unit" : ObjectId("5ea87137d8d93354f6161311"), 
    "deleted" : false, 
    "createdAt" : ISODate("2020-07-24T12:24:11.205+0000"), 
    "status" : "Active", 
    "coverPhoto" : "2a03c8045c5debed7eeef66bdeeb4d92", 
    "images" : [
        "", 
        "", 
        ""
    ], 
    "categories" : [
        ObjectId("5ea870e7d8d93354f616130f")
    ], 
    "__v" : NumberInt(0)
}
{ 
    "_id" : ObjectId("5f1aa937cce33f65397fa7f4"), 
    "supplier" : ObjectId("5f1a9c45cce33f65397fa7eb"), 
    "arabicName" : "دونات مربى الفراولة (صغير)", 
    "englishName" : "Strawberry Jam Donut (Small)", 
    "arabicDescription" : "دونات محشي  بمربى الفراولة", 
    "englishDescription" : "Donut stuffed with  Strawberry Jam", 
    "sku" : "SKU003S", 
    "price" : NumberInt(3), 
    "unit" : ObjectId("5ea87137d8d93354f6161311"), 
    "deleted" : false, 
    "createdAt" : ISODate("2020-07-24T12:26:15.376+0000"), 
    "status" : "Active", 
    "coverPhoto" : "bf41f36ca0a19ba652d0d095c76695aa", 
    "images" : [
        "", 
        "", 
        ""
    ], 
    "categories" : [
        ObjectId("5ea870e7d8d93354f616130f")
    ], 
    "__v" : NumberInt(0)
}
{ 
    "_id" : ObjectId("5f1aae5dcce33f65397fa7f5"), 
    "supplier" : ObjectId("5f1a9c45cce33f65397fa7eb"), 
    "arabicName" : "دونات فسق (كبير)", 
    "englishName" : "Pistachio Donut (Large)", 
    "arabicDescription" : "دونات محشي بكريمه الفستق", 
    "englishDescription" : "Donut stuffed with  Pistachio cream", 
    "sku" : "SKU0004L", 
    "price" : NumberInt(6), 
    "unit" : ObjectId("5ea87137d8d93354f6161311"), 
    "deleted" : false, 
    "createdAt" : ISODate("2020-07-24T12:48:13.463+0000"), 
    "status" : "Active", 
    "coverPhoto" : "d63e8815c08fc1e5fcfa8cd42bce8ac6", 
    "images" : [
        "", 
        "", 
        ""
    ], 
    "categories" : [
        ObjectId("5ea870e7d8d93354f616130f")
    ], 
    "__v" : NumberInt(0)
}
{ 
    "_id" : ObjectId("5f1aaec1cce33f65397fa7f6"), 
    "supplier" : ObjectId("5f1a9c45cce33f65397fa7eb"), 
    "arabicName" : "دونات فسق (صغير)", 
    "englishName" : "Pistachio Donut (Small)", 
    "arabicDescription" : "دونات محشي بكريمه الفستق", 
    "englishDescription" : "Donut stuffed with  Pistachio cream", 
    "sku" : "SKU004S", 
    "price" : NumberInt(3), 
    "unit" : ObjectId("5ea87137d8d93354f6161311"), 
    "deleted" : false, 
    "createdAt" : ISODate("2020-07-24T12:49:53.997+0000"), 
    "status" : "Active", 
    "coverPhoto" : "1db893182f1b6a9141f95732f97e7dbb", 
    "images" : [
        "", 
        "", 
        ""
    ], 
    "categories" : [
        ObjectId("5ea870e7d8d93354f616130f")
    ], 
    "__v" : NumberInt(0)
}
{ 
    "_id" : ObjectId("5f1aaf5acce33f65397fa7f7"), 
    "supplier" : ObjectId("5f1a9c45cce33f65397fa7eb"), 
    "arabicName" : "دونات الكاسترد (كبير)", 
    "englishName" : "Custard Donut (Large)", 
    "arabicDescription" : "دونات محشي بالكاسترد", 
    "englishDescription" : "Donut stuffed with Custard", 
    "sku" : "SKU005L", 
    "price" : NumberInt(6), 
    "unit" : ObjectId("5ea87137d8d93354f6161311"), 
    "deleted" : false, 
    "createdAt" : ISODate("2020-07-24T12:52:26.726+0000"), 
    "status" : "Active", 
    "coverPhoto" : "97e0d80e6e34cc7012b6eaba0e579edd", 
    "images" : [
        "", 
        "", 
        ""
    ], 
    "categories" : [
        ObjectId("5ea870e7d8d93354f616130f")
    ], 
    "__v" : NumberInt(0)
}
{ 
    "_id" : ObjectId("5f1aafbecce33f65397fa7f8"), 
    "supplier" : ObjectId("5f1a9c45cce33f65397fa7eb"), 
    "arabicName" : "دونات الكاسترد (صغير)", 
    "englishName" : "Custard Donut (Small)", 
    "arabicDescription" : "دونات محشي بالكاسترد", 
    "englishDescription" : "Donut stuffed with Custard", 
    "sku" : "SKU005S", 
    "price" : NumberInt(3), 
    "unit" : ObjectId("5ea87137d8d93354f6161311"), 
    "deleted" : false, 
    "createdAt" : ISODate("2020-07-24T12:54:06.589+0000"), 
    "status" : "Active", 
    "coverPhoto" : "7e2bcc2a967480af6ae71afb3ef365d9", 
    "images" : [
        "", 
        "", 
        ""
    ], 
    "categories" : [
        ObjectId("5ea870e7d8d93354f616130f")
    ], 
    "__v" : NumberInt(0)
}
{ 
    "_id" : ObjectId("5f1ab041cce33f65397fa7f9"), 
    "supplier" : ObjectId("5f1a9c45cce33f65397fa7eb"), 
    "arabicName" : "دونات اللوتس (كبير)", 
    "englishName" : "Louts Donut (Large)", 
    "arabicDescription" : "دونات محشي بكريمه اللوتس", 
    "englishDescription" : "Donut stuffed with Louts cream", 
    "sku" : "SKU006L", 
    "price" : NumberInt(6), 
    "unit" : ObjectId("5ea87137d8d93354f6161311"), 
    "deleted" : false, 
    "createdAt" : ISODate("2020-07-24T12:56:17.535+0000"), 
    "status" : "Active", 
    "coverPhoto" : "2128f2356419138ac55f00e07b016859", 
    "images" : [
        "", 
        "", 
        ""
    ], 
    "categories" : [
        ObjectId("5ea870e7d8d93354f616130f")
    ], 
    "__v" : NumberInt(1)
}
{ 
    "_id" : ObjectId("5f1ab0f4cce33f65397fa7fa"), 
    "supplier" : ObjectId("5f1a9c45cce33f65397fa7eb"), 
    "arabicName" : "دونات اللوتس (صغير)", 
    "englishName" : "Louts Donut (Small)", 
    "arabicDescription" : "دونات محشي بكريمه اللوتس", 
    "englishDescription" : "Donut stuffed with Louts cream", 
    "sku" : "SKU006S", 
    "price" : NumberInt(3), 
    "unit" : ObjectId("5ea87137d8d93354f6161311"), 
    "deleted" : false, 
    "createdAt" : ISODate("2020-07-24T12:59:16.659+0000"), 
    "status" : "Active", 
    "coverPhoto" : "fadbc27e9b706e15f229e9035e086f5b", 
    "images" : [
        "", 
        "", 
        ""
    ], 
    "categories" : [
        ObjectId("5ea870e7d8d93354f616130f")
    ], 
    "__v" : NumberInt(0)
}
{ 
    "_id" : ObjectId("5f1ab2b2cce33f65397fa7fb"), 
    "supplier" : ObjectId("5f1a9c45cce33f65397fa7eb"), 
    "arabicName" : "دونات شوكولاته كندر (كبير)", 
    "englishName" : "Kinder Donut (Large)", 
    "arabicDescription" : "دونات محشي بشوكولاته كندر", 
    "englishDescription" : "Donut stuffed with  Kinder Chocolate", 
    "sku" : "SKU007L", 
    "price" : NumberInt(6), 
    "unit" : ObjectId("5ea87137d8d93354f6161311"), 
    "deleted" : false, 
    "createdAt" : ISODate("2020-07-24T13:06:42.728+0000"), 
    "status" : "Active", 
    "coverPhoto" : "03cadf38edba005561395c4cee7312c6", 
    "images" : [
        "", 
        "", 
        ""
    ], 
    "categories" : [
        ObjectId("5ea870e7d8d93354f616130f")
    ], 
    "__v" : NumberInt(0)
}
{ 
    "_id" : ObjectId("5f1ab2e7cce33f65397fa7fc"), 
    "supplier" : ObjectId("5f1a9c45cce33f65397fa7eb"), 
    "arabicName" : "دونات شوكولاته كندر (صغير)", 
    "englishName" : "Kinder Donut (Small)", 
    "arabicDescription" : "دونات محشي بشوكولاته كندر", 
    "englishDescription" : "Donut stuffed with  Kinder Chocolate", 
    "sku" : "SKU007S", 
    "price" : NumberInt(3), 
    "unit" : ObjectId("5ea87137d8d93354f6161311"), 
    "deleted" : false, 
    "createdAt" : ISODate("2020-07-24T13:07:35.955+0000"), 
    "status" : "Active", 
    "coverPhoto" : "a8f6d568a50fcea8904c9d908e03cb6c", 
    "images" : [
        "", 
        "", 
        ""
    ], 
    "categories" : [
        ObjectId("5ea870e7d8d93354f616130f")
    ], 
    "__v" : NumberInt(0)
}
{ 
    "_id" : ObjectId("5f1ab4c9cce33f65397fa7fd"), 
    "supplier" : ObjectId("5f1a9c45cce33f65397fa7eb"), 
    "arabicName" : "دونات كاراميل المملح (كبير)", 
    "englishName" : "Salted Caramel Donut (Large)", 
    "arabicDescription" : "دونات محشي بالكاراميل المملح", 
    "englishDescription" : "Donut stuffed with Salted Caramel", 
    "sku" : "SKU008L", 
    "price" : NumberInt(6), 
    "unit" : ObjectId("5ea87137d8d93354f6161311"), 
    "deleted" : false, 
    "createdAt" : ISODate("2020-07-24T13:15:37.972+0000"), 
    "status" : "Active", 
    "coverPhoto" : "e6f9312a52f1fc08f0c8d1e507727322", 
    "images" : [
        "", 
        "", 
        ""
    ], 
    "categories" : [
        ObjectId("5ea870e7d8d93354f616130f")
    ], 
    "__v" : NumberInt(0)
}
{ 
    "_id" : ObjectId("5f1ab948cce33f65397fa7fe"), 
    "supplier" : ObjectId("5f1a9c45cce33f65397fa7eb"), 
    "arabicName" : "دونات كاراميل المملح (صغير)", 
    "englishName" : "Salted Caramel Donut (Small)", 
    "arabicDescription" : "دونات محشي بالكاراميل المملح", 
    "englishDescription" : "Donut stuffed with Salted Caramel", 
    "sku" : "SKU008S", 
    "price" : NumberInt(3), 
    "unit" : ObjectId("5ea87137d8d93354f6161311"), 
    "deleted" : false, 
    "createdAt" : ISODate("2020-07-24T13:34:48.942+0000"), 
    "status" : "Active", 
    "coverPhoto" : "7c9ce2d046e810eea8eb667363226010", 
    "images" : [
        "", 
        "", 
        ""
    ], 
    "categories" : [
        ObjectId("5ea870e7d8d93354f616130f")
    ], 
    "__v" : NumberInt(0)
}
{ 
    "_id" : ObjectId("5f1abae6cce33f65397fa7ff"), 
    "supplier" : ObjectId("5f1a9c45cce33f65397fa7eb"), 
    "arabicName" : "دونات بيكان (كبير)", 
    "englishName" : "Pecan Dount ( Large )", 
    "arabicDescription" : "دونات محشي بالبيكان", 
    "englishDescription" : "Donut stuffed with Chopped Pecans", 
    "sku" : "SKU009L", 
    "price" : NumberInt(6), 
    "unit" : ObjectId("5ea87137d8d93354f6161311"), 
    "deleted" : false, 
    "createdAt" : ISODate("2020-07-24T13:41:42.837+0000"), 
    "status" : "Active", 
    "coverPhoto" : "8203a5ec8fee4143e6e508ba77e78377", 
    "images" : [
        "833c6965f185484d598df85dfdd5dbe7", 
        "", 
        ""
    ], 
    "categories" : [
        ObjectId("5ea870e7d8d93354f616130f")
    ], 
    "__v" : NumberInt(0)
}
{ 
    "_id" : ObjectId("5f1abb2fcce33f65397fa800"), 
    "supplier" : ObjectId("5f1a9c45cce33f65397fa7eb"), 
    "arabicName" : "دونات بيكان (صغير)", 
    "englishName" : "Pecan Dount ( Small )", 
    "arabicDescription" : "دونات محشي بالبيكان", 
    "englishDescription" : "Donut stuffed with Chopped Pecans", 
    "sku" : "SKU009S", 
    "price" : NumberInt(3), 
    "unit" : ObjectId("5ea87137d8d93354f6161311"), 
    "deleted" : false, 
    "createdAt" : ISODate("2020-07-24T13:42:55.546+0000"), 
    "status" : "Active", 
    "coverPhoto" : "1dbb32d58dfdaf2bd6e438a209320487", 
    "images" : [
        "", 
        "", 
        ""
    ], 
    "categories" : [
        ObjectId("5ea870e7d8d93354f616130f")
    ], 
    "__v" : NumberInt(0)
}
{ 
    "_id" : ObjectId("5f1abc4ccce33f65397fa801"), 
    "supplier" : ObjectId("5f1a9c45cce33f65397fa7eb"), 
    "arabicName" : "دونات تشيز كيك كريم (كبير)", 
    "englishName" : "Cheesecake Cream Dount (Large)", 
    "arabicDescription" : "دونات محشي بالتشيز كيك كريم", 
    "englishDescription" : "Donut stuffed with Cheesecake Cream", 
    "sku" : "SKU010L", 
    "price" : NumberInt(6), 
    "unit" : ObjectId("5ea87137d8d93354f6161311"), 
    "deleted" : false, 
    "createdAt" : ISODate("2020-07-24T13:47:40.190+0000"), 
    "status" : "Active", 
    "coverPhoto" : "e0a6610417331c0f4490e865ccfa2d7f", 
    "images" : [
        "", 
        "", 
        ""
    ], 
    "categories" : [
        ObjectId("5ea870e7d8d93354f616130f")
    ], 
    "__v" : NumberInt(0)
}
{ 
    "_id" : ObjectId("5f1abc86cce33f65397fa802"), 
    "supplier" : ObjectId("5f1a9c45cce33f65397fa7eb"), 
    "arabicName" : "دونات تشيز كيك كريم (صغير)", 
    "englishName" : "Cheesecake Cream Dount (Small)", 
    "arabicDescription" : "دونات محشي بالتشيز كيك كريم", 
    "englishDescription" : "Donut stuffed with Cheesecake Cream", 
    "sku" : "SKU010S", 
    "price" : NumberInt(3), 
    "unit" : ObjectId("5ea87137d8d93354f6161311"), 
    "deleted" : false, 
    "createdAt" : ISODate("2020-07-24T13:48:38.934+0000"), 
    "status" : "Active", 
    "coverPhoto" : "dc26d7f9d2b28536a79a16cd9776a211", 
    "images" : [
        "", 
        "", 
        ""
    ], 
    "categories" : [
        ObjectId("5ea870e7d8d93354f616130f")
    ], 
    "__v" : NumberInt(0)
}
{ 
    "_id" : ObjectId("5f1ad676cce33f65397fa84b"), 
    "supplier" : ObjectId("5f1a9c45cce33f65397fa7eb"), 
    "arabicName" : "دونات كريمة الورد (كبير)", 
    "englishName" : "Rose Cream Dount (Large)", 
    "arabicDescription" : "دونات محشي بكريمة الورد", 
    "englishDescription" : "Donut stuffed with Rose Cream", 
    "sku" : "SKU011L", 
    "price" : NumberInt(6), 
    "unit" : ObjectId("5ea87137d8d93354f6161311"), 
    "deleted" : false, 
    "createdAt" : ISODate("2020-07-24T15:39:18.855+0000"), 
    "status" : "Active", 
    "coverPhoto" : "a41fc26b90eb9c24e584e32c6db81a93", 
    "images" : [
        "", 
        "", 
        ""
    ], 
    "categories" : [
        ObjectId("5ea870e7d8d93354f616130f")
    ], 
    "__v" : NumberInt(0)
}
{ 
    "_id" : ObjectId("5f1adcd9cce33f65397fa84e"), 
    "supplier" : ObjectId("5f1a9c45cce33f65397fa7eb"), 
    "arabicName" : "دونات كريمة الورد (صغير)", 
    "englishName" : "Rose Cream Dount (Small)", 
    "arabicDescription" : "دونات محشي بكريمة الورد", 
    "englishDescription" : "Donut stuffed with Rose Cream", 
    "sku" : "SKU011S", 
    "price" : NumberInt(3), 
    "unit" : ObjectId("5ea87137d8d93354f6161311"), 
    "deleted" : false, 
    "createdAt" : ISODate("2020-07-24T16:06:33.231+0000"), 
    "status" : "Active", 
    "coverPhoto" : "d6c9aa3195f3af3e28a440826a2e5dac", 
    "images" : [
        "", 
        "", 
        ""
    ], 
    "categories" : [
        ObjectId("5ea870e7d8d93354f616130f")
    ], 
    "__v" : NumberInt(0)
}
{ 
    "_id" : ObjectId("5f1add1ccce33f65397fa84f"), 
    "supplier" : ObjectId("5f1a9c45cce33f65397fa7eb"), 
    "arabicName" : "دونات المهلبية (كبير)", 
    "englishName" : "Muhallabia Cream Dount  (Large)", 
    "arabicDescription" : "دونات محشي بالمهلبية", 
    "englishDescription" : "Donut stuffed with Muhallabia Cream", 
    "sku" : "SKU012L", 
    "price" : NumberInt(6), 
    "unit" : ObjectId("5ea87137d8d93354f6161311"), 
    "deleted" : false, 
    "createdAt" : ISODate("2020-07-24T16:07:40.107+0000"), 
    "status" : "Active", 
    "coverPhoto" : "05f508d98de0c3dae05263a058b3f6e9", 
    "images" : [
        "", 
        "", 
        ""
    ], 
    "categories" : [
        ObjectId("5ea870e7d8d93354f616130f")
    ], 
    "__v" : NumberInt(0)
}
{ 
    "_id" : ObjectId("5f1addfccce33f65397fa850"), 
    "supplier" : ObjectId("5f1a9c45cce33f65397fa7eb"), 
    "arabicName" : "دونات المهلبية (صغير)", 
    "englishName" : "Muhallabia Cream Dount (Small)", 
    "arabicDescription" : "دونات محشي بالمهلبية", 
    "englishDescription" : "Donut stuffed with Muhallabia Cream", 
    "sku" : "SKU012S", 
    "price" : NumberInt(3), 
    "unit" : ObjectId("5ea87137d8d93354f6161311"), 
    "deleted" : false, 
    "createdAt" : ISODate("2020-07-24T16:11:24.834+0000"), 
    "status" : "Active", 
    "coverPhoto" : "aa0daf3bd078daeeead988012877c2e4", 
    "images" : [
        "", 
        "", 
        ""
    ], 
    "categories" : [
        ObjectId("5ea870e7d8d93354f616130f")
    ], 
    "__v" : NumberInt(0)
}
{ 
    "_id" : ObjectId("5f1adee0cce33f65397fa851"), 
    "supplier" : ObjectId("5f1a9c45cce33f65397fa7eb"), 
    "arabicName" : "دونات الزعتر والنوتيلا ( كبير )", 
    "englishName" : "Zaatar-Nutella Dount (Large)", 
    "arabicDescription" : "دونات محشي بالنوتيلا ومغطى بالزعتر", 
    "englishDescription" : "Donut stuffed with Nutella and covered with Zaatar", 
    "sku" : "SKU013L", 
    "price" : NumberInt(6), 
    "unit" : ObjectId("5ea87137d8d93354f6161311"), 
    "deleted" : false, 
    "createdAt" : ISODate("2020-07-24T16:15:12.463+0000"), 
    "status" : "Active", 
    "coverPhoto" : "559a1cef200b5e1ec9cfdec57665d240", 
    "images" : [
        "", 
        "", 
        ""
    ], 
    "categories" : [
        ObjectId("5ea870e7d8d93354f616130f")
    ], 
    "__v" : NumberInt(0)
}
{ 
    "_id" : ObjectId("5f1adf1acce33f65397fa852"), 
    "supplier" : ObjectId("5f1a9c45cce33f65397fa7eb"), 
    "arabicName" : "دونات الزعتر والنوتيلا ( صغير)", 
    "englishName" : "Zaatar-Nutella Dount (Small)", 
    "arabicDescription" : "دونات محشي بالنوتيلا ومغطى بالزعتر", 
    "englishDescription" : "Donut stuffed with Nutella and covered with Zaatar", 
    "sku" : "SKU013S", 
    "price" : NumberInt(3), 
    "unit" : ObjectId("5ea87137d8d93354f6161311"), 
    "deleted" : false, 
    "createdAt" : ISODate("2020-07-24T16:16:10.255+0000"), 
    "status" : "Active", 
    "coverPhoto" : "afe1919f53d1b78d4ce9269fa6d1280f", 
    "images" : [
        "", 
        "", 
        ""
    ], 
    "categories" : [
        ObjectId("5ea870e7d8d93354f616130f")
    ], 
    "__v" : NumberInt(0)
}
{ 
    "_id" : ObjectId("5f1adfa1cce33f65397fa853"), 
    "supplier" : ObjectId("5f1a9c45cce33f65397fa7eb"), 
    "arabicName" : "دونات الزعتر و الفستق ( كبير )", 
    "englishName" : "Zaatar-Pistachio Dount (Large)", 
    "arabicDescription" : "دونات محشي بكريمة الفستق ومغطى بالزعتر", 
    "englishDescription" : "Donut stuffed with Pistachio cream and covered with Zaatar", 
    "sku" : "SKU014L", 
    "price" : NumberInt(6), 
    "unit" : ObjectId("5ea87137d8d93354f6161311"), 
    "deleted" : false, 
    "createdAt" : ISODate("2020-07-24T16:18:25.531+0000"), 
    "status" : "Active", 
    "coverPhoto" : "b86f8f47ee83f1b91d52b59cdd6d45af", 
    "images" : [
        "", 
        "", 
        ""
    ], 
    "categories" : [
        ObjectId("5ea870e7d8d93354f616130f")
    ], 
    "__v" : NumberInt(0)
}
{ 
    "_id" : ObjectId("5f1adfdbcce33f65397fa854"), 
    "supplier" : ObjectId("5f1a9c45cce33f65397fa7eb"), 
    "arabicName" : "دونات الزعتر و الفستق ( صغير )", 
    "englishName" : "Zaatar-Pistachio Dount (Small)", 
    "arabicDescription" : "دونات محشي بكريمة الفستق ومغطى بالزعتر", 
    "englishDescription" : "Donut stuffed with Pistachio cream and covered with Zaatar", 
    "sku" : "SKU014S", 
    "price" : NumberInt(3), 
    "unit" : ObjectId("5ea87137d8d93354f6161311"), 
    "deleted" : false, 
    "createdAt" : ISODate("2020-07-24T16:19:23.872+0000"), 
    "status" : "Active", 
    "coverPhoto" : "7c9232324918762145e51660749c4eb1", 
    "images" : [
        "", 
        "", 
        ""
    ], 
    "categories" : [
        ObjectId("5ea870e7d8d93354f616130f")
    ], 
    "__v" : NumberInt(0)
}
{ 
    "_id" : ObjectId("5f1ae11fcce33f65397fa855"), 
    "supplier" : ObjectId("5f1a9c45cce33f65397fa7eb"), 
    "arabicName" : "دونات النوتيلا و البيكان ( كبير )", 
    "englishName" : "Nutella - Pecan Dount (Large)", 
    "arabicDescription" : "دونات محشي بالنوتيلا والبيكان", 
    "englishDescription" : "Donut stuffed with Nutella  and Pecan", 
    "sku" : "SKU015L", 
    "price" : NumberInt(6), 
    "unit" : ObjectId("5ea87137d8d93354f6161311"), 
    "deleted" : false, 
    "createdAt" : ISODate("2020-07-24T16:24:47.825+0000"), 
    "status" : "Active", 
    "coverPhoto" : "45f76b727920d85ea071cba2097796a3", 
    "images" : [
        "", 
        "", 
        ""
    ], 
    "categories" : [
        ObjectId("5ea870e7d8d93354f616130f")
    ], 
    "__v" : NumberInt(0)
}
{ 
    "_id" : ObjectId("5f1ae158cce33f65397fa856"), 
    "supplier" : ObjectId("5f1a9c45cce33f65397fa7eb"), 
    "arabicName" : "دونات النوتيلا و البيكان ( صغير)", 
    "englishName" : "Nutella - Pecan Dount (Small)", 
    "arabicDescription" : "دونات محشي بالنوتيلا والبيكان", 
    "englishDescription" : "Donut stuffed with Nutella  and Pecan", 
    "sku" : "SKU015S", 
    "price" : NumberInt(3), 
    "unit" : ObjectId("5ea87137d8d93354f6161311"), 
    "deleted" : false, 
    "createdAt" : ISODate("2020-07-24T16:25:44.567+0000"), 
    "status" : "Active", 
    "coverPhoto" : "aad59615e719c6588c7b0972c430fd67", 
    "images" : [
        "", 
        "", 
        ""
    ], 
    "categories" : [
        ObjectId("5ea870e7d8d93354f616130f")
    ], 
    "__v" : NumberInt(0)
}
{ 
    "_id" : ObjectId("5f1ae201cce33f65397fa857"), 
    "supplier" : ObjectId("5f1a9c45cce33f65397fa7eb"), 
    "arabicName" : "دونات الأوريو ( كبير )", 
    "englishName" : "Oreo Dount (Large)", 
    "arabicDescription" : "دونات محشي بالأوريو", 
    "englishDescription" : "Donut stuffed with Oreo", 
    "sku" : "SKU016L", 
    "price" : NumberInt(6), 
    "unit" : ObjectId("5ea87137d8d93354f6161311"), 
    "deleted" : false, 
    "createdAt" : ISODate("2020-07-24T16:28:33.014+0000"), 
    "status" : "Active", 
    "coverPhoto" : "b3acd55f4b3d2a6fd8ff697ce942b5a8", 
    "images" : [
        "", 
        "", 
        ""
    ], 
    "categories" : [
        ObjectId("5ea870e7d8d93354f616130f")
    ], 
    "__v" : NumberInt(0)
}
{ 
    "_id" : ObjectId("5f1ae23fcce33f65397fa858"), 
    "supplier" : ObjectId("5f1a9c45cce33f65397fa7eb"), 
    "arabicName" : "دونات الأوريو ( صغير)", 
    "englishName" : "Oreo Dount (Small)", 
    "arabicDescription" : "دونات محشي بالأوريو", 
    "englishDescription" : "Donut stuffed with Oreo", 
    "sku" : "SKU016S", 
    "price" : NumberInt(3), 
    "unit" : ObjectId("5ea87137d8d93354f6161311"), 
    "deleted" : false, 
    "createdAt" : ISODate("2020-07-24T16:29:35.929+0000"), 
    "status" : "Active", 
    "coverPhoto" : "0b9c97cd114263158e9be9c4d2ebcb3b", 
    "images" : [
        "", 
        "", 
        ""
    ], 
    "categories" : [
        ObjectId("5ea870e7d8d93354f616130f")
    ], 
    "__v" : NumberInt(0)
}
{ 
    "_id" : ObjectId("5f1ae351cce33f65397fa859"), 
    "supplier" : ObjectId("5f1a9c45cce33f65397fa7eb"), 
    "arabicName" : "دونات عقيلي ( كبير )", 
    "englishName" : "Saffron with Cardamom Dount (Large)", 
    "arabicDescription" : "دونات عقيلي بنكهة الزعفران و الهيل", 
    "englishDescription" : "Dount baked with Saffron with Cardamom", 
    "sku" : "SKU018L", 
    "price" : NumberInt(6), 
    "unit" : ObjectId("5ea87137d8d93354f6161311"), 
    "deleted" : false, 
    "createdAt" : ISODate("2020-07-24T16:34:09.357+0000"), 
    "status" : "Active", 
    "coverPhoto" : "ead4ca6f75028181df0979ab8f57262d", 
    "images" : [
        "", 
        "", 
        ""
    ], 
    "categories" : [
        ObjectId("5ea870e7d8d93354f616130f")
    ], 
    "__v" : NumberInt(0)
}
{ 
    "_id" : ObjectId("5f1ae3accce33f65397fa85a"), 
    "supplier" : ObjectId("5f1a9c45cce33f65397fa7eb"), 
    "arabicName" : "دونات عقيلي ( صغير)", 
    "englishName" : "Saffron with Cardamom Dount (Small)", 
    "arabicDescription" : "دونات عقيلي بنكهة الزعفران و الهيل", 
    "englishDescription" : "Donut baked with Saffron with Cardamom", 
    "sku" : "SKU018S", 
    "price" : NumberInt(3), 
    "unit" : ObjectId("5ea87137d8d93354f6161311"), 
    "deleted" : false, 
    "createdAt" : ISODate("2020-07-24T16:35:40.749+0000"), 
    "status" : "Active", 
    "coverPhoto" : "d5b780ee7ae2ecc8b295bfc38dfe1b13", 
    "images" : [
        "", 
        "", 
        ""
    ], 
    "categories" : [
        ObjectId("5ea870e7d8d93354f616130f")
    ], 
    "__v" : NumberInt(0)
}
{ 
    "_id" : ObjectId("5f1ae493cce33f65397fa85b"), 
    "supplier" : ObjectId("5f1a9c45cce33f65397fa7eb"), 
    "arabicName" : "دونات كريمة بروليه (كبير)", 
    "englishName" : "Vanilla Creme Brulee Donut (Large)", 
    "arabicDescription" : "دونات محشي بكريمة البروليه", 
    "englishDescription" : "Donut stuffed with Vanilla Creme Brulee", 
    "sku" : "SKU019L", 
    "price" : NumberInt(6), 
    "unit" : ObjectId("5ea87137d8d93354f6161311"), 
    "deleted" : false, 
    "createdAt" : ISODate("2020-07-24T16:39:31.869+0000"), 
    "status" : "Active", 
    "coverPhoto" : "9a099ff9bf85b4fe923452c5727ab55c", 
    "images" : [
        "", 
        "", 
        ""
    ], 
    "categories" : [
        ObjectId("5ea870e7d8d93354f616130f")
    ], 
    "__v" : NumberInt(1)
}
{ 
    "_id" : ObjectId("5f1ae4d5cce33f65397fa85c"), 
    "supplier" : ObjectId("5f1a9c45cce33f65397fa7eb"), 
    "arabicName" : "دونات كريمة بروليه (صغير)", 
    "englishName" : "Vanilla Creme Brulee Donut (Small)", 
    "arabicDescription" : "دونات محشي بكريمة البروليه", 
    "englishDescription" : "Donut stuffed with Vanilla Creme Brulee", 
    "sku" : "SKU019S", 
    "price" : NumberInt(3), 
    "unit" : ObjectId("5ea87137d8d93354f6161311"), 
    "deleted" : false, 
    "createdAt" : ISODate("2020-07-24T16:40:37.434+0000"), 
    "status" : "Active", 
    "coverPhoto" : "6df8eb0a8a544649d7e2433ba95c865a", 
    "images" : [
        "", 
        "", 
        ""
    ], 
    "categories" : [
        ObjectId("5ea870e7d8d93354f616130f")
    ], 
    "__v" : NumberInt(1)
}
{ 
    "_id" : ObjectId("5f4aaa4943ce3f5fb73ea20f"), 
    "supplier" : ObjectId("5f4a6f019f78705936d5306b"), 
    "arabicName" : "Kinder Bueno stuffed Dounts L", 
    "englishName" : "Kinder Bueno stuffed Dounts L", 
    "arabicDescription" : "Kinder Bueno stuffed Dounts L", 
    "englishDescription" : "Kinder Bueno stuffed Dounts L", 
    "price" : NumberInt(10), 
    "unit" : ObjectId("5ea87137d8d93354f6161311"), 
    "deleted" : false, 
    "createdAt" : ISODate("2020-08-29T22:19:37.135+0000"), 
    "status" : "Active", 
    "coverPhoto" : "daa584c3e910b3e00319b03467494c69", 
    "images" : [
        "", 
        "", 
        ""
    ], 
    "categories" : [
        ObjectId("5ea870e7d8d93354f616130f")
    ], 
    "__v" : NumberInt(2)
}
{ 
    "_id" : ObjectId("5f5499c10d4032396a3f35ce"), 
    "supplier" : ObjectId("5f4a6f019f78705936d5306b"), 
    "arabicName" : "مرحبا", 
    "englishName" : "Walls Creamy Delight", 
    "arabicDescription" : "das", 
    "englishDescription" : "Creamy", 
    "price" : NumberInt(60), 
    "unit" : ObjectId("5ea87137d8d93354f6161311"), 
    "deleted" : false, 
    "createdAt" : ISODate("2020-09-06T11:11:45.479+0000"), 
    "status" : "Active", 
    "coverPhoto" : "117760c9dcd54a21bb579bdf89873a29", 
    "images" : [
        "", 
        "", 
        ""
    ], 
    "categories" : [
        ObjectId("5ea870e7d8d93354f616130f")
    ], 
    "__v" : NumberInt(1)
}
{ 
    "_id" : ObjectId("6078242903835f1d6d6cb1ee"), 
    "supplier" : ObjectId("5ea86eb7d8d93354f616130a"), 
    "arabicName" : "طماطم", 
    "englishName" : "Tomato", 
    "arabicDescription" : "طماطم محلية", 
    "englishDescription" : "Local Tomato", 
    "price" : NumberInt(4), 
    "unit" : ObjectId("5ef8e471d8d93354f616135a"), 
    "deleted" : false, 
    "createdAt" : ISODate("2021-04-15T14:31:53.739+0000"), 
    "status" : "Active", 
    "coverPhoto" : "b30239830abb2493cfd275858a875d10", 
    "images" : [
        "968987c4095afef2cd33292519eb7236", 
        "342e9e9f5ed4d630d6db4c4ccefe8063", 
        "66025f736d8089cb4537abc0ae02dc3a"
    ], 
    "categories" : [
        ObjectId("6078232903835f1d6d6cb1ed")
    ], 
    "__v" : NumberInt(4), 
    "shelf" : "11", 
    "sku" : "SKU32", 
    "store" : "1952"
}
{ 
    "_id" : ObjectId("60bb315ae6fc60120dd7986d"), 
    "supplier" : ObjectId("60bb2ebf864f657f35d5cb11"), 
    "arabicName" : "معدات تنظيف", 
    "englishName" : "Cleaning Supplies", 
    "arabicDescription" : "معدات تنظيف", 
    "englishDescription" : "Cleaning Supplies", 
    "sku" : "195Cp23", 
    "store" : "195363", 
    "shelf" : "513321", 
    "price" : NumberInt(98), 
    "unit" : ObjectId("5ea87137d8d93354f6161311"), 
    "deleted" : false, 
    "createdAt" : ISODate("2021-06-05T11:10:02.714+0000"), 
    "status" : "Active", 
    "coverPhoto" : "41a78dbede7eb7249841b2165bb63aae", 
    "images" : [
        "4328dc411653f0e7d9a78e9370418121", 
        "", 
        ""
    ], 
    "categories" : [
        ObjectId("6078232903835f1d6d6cb1ed")
    ], 
    "__v" : NumberInt(0)
}
{ 
    "_id" : ObjectId("60bb31b6e6fc60120dd7986e"), 
    "supplier" : ObjectId("60bb2ebf864f657f35d5cb11"), 
    "arabicName" : "الدونات", 
    "englishName" : "Donut", 
    "arabicDescription" : "الدونات", 
    "englishDescription" : "Donut", 
    "sku" : "1951212", 
    "store" : "1951215", 
    "shelf" : "1951213", 
    "price" : NumberInt(39), 
    "unit" : ObjectId("5ea87137d8d93354f6161311"), 
    "deleted" : false, 
    "createdAt" : ISODate("2021-06-05T11:11:34.205+0000"), 
    "status" : "Active", 
    "coverPhoto" : "fcce7c327c756766c306c1d6ba0abaa6", 
    "images" : [
        "4d6bd32acafc84c05ee5215b2861538f", 
        "", 
        ""
    ], 
    "categories" : [
        ObjectId("5ea870e7d8d93354f616130f")
    ], 
    "__v" : NumberInt(2)
}
{ 
    "_id" : ObjectId("60bb3200e6fc60120dd7986f"), 
    "supplier" : ObjectId("60bb2ebf864f657f35d5cb11"), 
    "arabicName" : "ماكرونيس", 
    "englishName" : "Macronis", 
    "arabicDescription" : "ماكرونيس", 
    "englishDescription" : "Macronis", 
    "sku" : "1956320", 
    "store" : "158143", 
    "shelf" : "155321", 
    "price" : NumberInt(19), 
    "unit" : ObjectId("5ea87137d8d93354f6161311"), 
    "deleted" : false, 
    "createdAt" : ISODate("2021-06-05T11:12:48.724+0000"), 
    "status" : "Active", 
    "coverPhoto" : "4ad81cca1d2820c29a60ac670494d9d6", 
    "images" : [
        "f4c07bbae1086dd14cfcc0cd61ea78e3", 
        "", 
        ""
    ], 
    "categories" : [
        ObjectId("5ea870e7d8d93354f616130f")
    ], 
    "__v" : NumberInt(0)
}
