{ 
    "_id" : ObjectId("5f1ac648cce33f65397fa81b"), 
    "user" : ObjectId("5ea87662d8d93354f6161314"), 
    "code" : "e716ad2e-455a-48a6-95ce-038a74c7cb62", 
    "createdAt" : ISODate("2020-07-24T14:30:16.802+0000"), 
    "expireDate" : ISODate("2020-07-25T14:30:16.802+0000"), 
    "status" : "Canceled", 
    "__v" : NumberInt(0)
}
{ 
    "_id" : ObjectId("5f2ac276687ef766db4a8a5d"), 
    "user" : ObjectId("5f1aff5ccce33f65397fa88d"), 
    "code" : "60afc300-200f-4419-a2f8-d6a273658974", 
    "createdAt" : ISODate("2020-08-05T17:30:14.922+0000"), 
    "expireDate" : ISODate("2020-08-06T17:30:14.922+0000"), 
    "status" : "Used", 
    "__v" : NumberInt(0)
}
{ 
    "_id" : ObjectId("5f3c1ea3687ef766db4a8a71"), 
    "user" : ObjectId("5ea87662d8d93354f6161314"), 
    "code" : "d3ca123f-86af-4706-922f-3c8ce4950d83", 
    "createdAt" : ISODate("2020-08-18T21:32:03.676+0000"), 
    "expireDate" : ISODate("2020-08-19T21:32:03.676+0000"), 
    "status" : "Used", 
    "__v" : NumberInt(0)
}
{ 
    "_id" : ObjectId("5f3c2011687ef766db4a8a72"), 
    "user" : ObjectId("5ea87662d8d93354f6161314"), 
    "code" : "b0eba9a0-ca3f-4d76-95b0-a7f782a868b2", 
    "createdAt" : ISODate("2020-08-18T21:38:09.853+0000"), 
    "expireDate" : ISODate("2020-08-19T21:38:09.853+0000"), 
    "status" : "Used", 
    "__v" : NumberInt(0)
}
{ 
    "_id" : ObjectId("5f410ed1be383b61c3c1f51e"), 
    "user" : ObjectId("5f410e83be383b61c3c1f519"), 
    "code" : "4488fe8d-5a1b-4def-b085-17435e7aad2e", 
    "createdAt" : ISODate("2020-08-22T15:25:53.717+0000"), 
    "expireDate" : ISODate("2020-08-23T15:25:53.717+0000"), 
    "status" : "Used", 
    "__v" : NumberInt(0)
}
{ 
    "_id" : ObjectId("5f462fcbd0da7f4f7b1dbb72"), 
    "user" : ObjectId("5f456c9895b1207f0d403bc9"), 
    "code" : "42043872-33c3-4bac-b1ef-102b3f73100b", 
    "createdAt" : ISODate("2020-08-26T12:47:55.797+0000"), 
    "expireDate" : ISODate("2020-08-27T12:47:55.797+0000"), 
    "status" : "Used", 
    "__v" : NumberInt(0)
}
{ 
    "_id" : ObjectId("5f4e469b1d2357606dfa18c7"), 
    "user" : ObjectId("5f1aff5ccce33f65397fa88d"), 
    "code" : "5dae9e90-2213-44ac-ba00-866df960ec20", 
    "createdAt" : ISODate("2020-09-01T16:03:23.231+0000"), 
    "expireDate" : ISODate("2020-09-02T16:03:23.231+0000"), 
    "status" : "Used", 
    "__v" : NumberInt(0)
}
{ 
    "_id" : ObjectId("5f548ce80d4032396a3f359c"), 
    "user" : ObjectId("5f50a1ab0d4032396a3f3432"), 
    "code" : "c9311f0b-4c45-41c9-8019-1c273211a455", 
    "createdAt" : ISODate("2020-09-06T10:16:56.736+0000"), 
    "expireDate" : ISODate("2020-09-07T10:16:56.736+0000"), 
    "status" : "Used", 
    "__v" : NumberInt(0)
}
{ 
    "_id" : ObjectId("5f548d650d4032396a3f359d"), 
    "user" : ObjectId("5f50a1ab0d4032396a3f3432"), 
    "code" : "51fd38ed-1871-418b-ad5a-538d02cfb7f7", 
    "createdAt" : ISODate("2020-09-06T10:19:01.033+0000"), 
    "expireDate" : ISODate("2020-09-07T10:19:01.034+0000"), 
    "status" : "Used", 
    "__v" : NumberInt(0)
}
{ 
    "_id" : ObjectId("5f548fd40d4032396a3f35bb"), 
    "user" : ObjectId("5f50a1ab0d4032396a3f3432"), 
    "code" : "cfe90dee-77cc-4745-852e-cc9c5958ee2a", 
    "createdAt" : ISODate("2020-09-06T10:29:24.485+0000"), 
    "expireDate" : ISODate("2020-09-07T10:29:24.485+0000"), 
    "status" : "Used", 
    "__v" : NumberInt(0)
}
