{ 
    "_id" : ObjectId("5ea542e11ac4cd3b0a44df00"), 
    "userType" : "Admin", 
    "englishName" : "Super Admin", 
    "arabicName" : "مدير المنصة", 
    "isDeleted" : false, 
    "createdAt" : ISODate("2020-04-26T11:14:23.356+0000"), 
    "isLocked" : true, 
    "permissions" : [
        ObjectId("5ea542e11ac4cd3b0a44def5"), 
        ObjectId("5ea542e11ac4cd3b0a44def6"), 
        ObjectId("5ea542e11ac4cd3b0a44def7"), 
        ObjectId("5ea542e11ac4cd3b0a44def8"), 
        ObjectId("5ea542e11ac4cd3b0a44def9"), 
        ObjectId("5ea542e11ac4cd3b0a44defa"), 
        ObjectId("5ea542e11ac4cd3b0a44defb"), 
        ObjectId("5ea542e11ac4cd3b0a44defc"), 
        ObjectId("5ea542e11ac4cd3b0a44defd"), 
        ObjectId("5ea542e11ac4cd3b0a44defe"), 
        ObjectId("5ea542e11ac4cd3b0a44deff")
    ], 
    "__v" : NumberInt(0)
}
{ 
    "_id" : ObjectId("5ea542e11ac4cd3b0a44df05"), 
    "userType" : "Customer", 
    "englishName" : "Customer Admin", 
    "arabicName" : "عميل", 
    "isDeleted" : false, 
    "createdAt" : ISODate("2020-04-26T11:14:23.356+0000"), 
    "isLocked" : true, 
    "permissions" : [
        ObjectId("5ea542e11ac4cd3b0a44df01"), 
        ObjectId("5ea542e11ac4cd3b0a44df02"), 
        ObjectId("5ea542e11ac4cd3b0a44df03"), 
        ObjectId("5ea542e11ac4cd3b0a44df04")
    ], 
    "__v" : NumberInt(0)
}
{ 
    "_id" : ObjectId("5ea542e11ac4cd3b0a44df16"), 
    "userType" : "Supplier", 
    "englishName" : "SupplierDriver", 
    "arabicName" : "سائق مورد", 
    "isDeleted" : false, 
    "createdAt" : ISODate("2020-04-26T11:14:23.356+0000"), 
    "isLocked" : true, 
    "permissions" : [
        ObjectId("5ea542e11ac4cd3b0a44df15"), 
        ObjectId("5f19cd84193daa2c31414ec0"), 
        ObjectId("5f19cd84193daa2c31414ec0"), 
        ObjectId("5f19cd84193daa2c31414ec0")
    ], 
    "__v" : NumberInt(0)
}
{ 
    "_id" : ObjectId("5ea542e11ac4cd3b0a44df17"), 
    "userType" : "Supplier", 
    "englishName" : "Supplier Admin", 
    "arabicName" : "إداري مزود", 
    "isDeleted" : false, 
    "createdAt" : ISODate("2020-04-26T11:14:23.356+0000"), 
    "isLocked" : true, 
    "permissions" : [
        ObjectId("5ea542e11ac4cd3b0a44df06"), 
        ObjectId("5ea542e11ac4cd3b0a44df07"), 
        ObjectId("5ea542e11ac4cd3b0a44df09"), 
        ObjectId("5ea542e11ac4cd3b0a44df0a"), 
        ObjectId("5ea542e11ac4cd3b0a44df08"), 
        ObjectId("5ea542e11ac4cd3b0a44df0b"), 
        ObjectId("5ea542e11ac4cd3b0a44df0c"), 
        ObjectId("5ea542e11ac4cd3b0a44df0d"), 
        ObjectId("5ea542e11ac4cd3b0a44df0e"), 
        ObjectId("5ea542e11ac4cd3b0a44df0f"), 
        ObjectId("5ea542e11ac4cd3b0a44df10"), 
        ObjectId("5ea542e11ac4cd3b0a44df11"), 
        ObjectId("5ea542e11ac4cd3b0a44df12"), 
        ObjectId("5ea542e11ac4cd3b0a44df13"), 
        ObjectId("5ea542e11ac4cd3b0a44df14"), 
        ObjectId("5ea542e11ac4cd3b0a44df15"), 
        ObjectId("5f19cd84193daa2c31414ec0")
    ], 
    "__v" : NumberInt(0)
}
{ 
    "_id" : ObjectId("5ea59a68d8d93354f6161307"), 
    "userType" : "Admin", 
    "arabicName" : "مدير النظام", 
    "englishName" : "SuperAdmin", 
    "isDeleted" : false, 
    "createdAt" : ISODate("2020-04-26T16:15:16.826+0000"), 
    "isLocked" : false, 
    "permissions" : [
        ObjectId("5ea542e11ac4cd3b0a44def5"), 
        ObjectId("5ea542e11ac4cd3b0a44def9"), 
        ObjectId("5ea542e11ac4cd3b0a44defd"), 
        ObjectId("5ea542e11ac4cd3b0a44def6"), 
        ObjectId("5ea542e11ac4cd3b0a44defe"), 
        ObjectId("5ea542e11ac4cd3b0a44def7"), 
        ObjectId("5ea542e11ac4cd3b0a44defb"), 
        ObjectId("5ea542e11ac4cd3b0a44deff"), 
        ObjectId("5ea542e11ac4cd3b0a44def8"), 
        ObjectId("5ea542e11ac4cd3b0a44defc"), 
        ObjectId("5ea542e11ac4cd3b0a44defa")
    ], 
    "__v" : NumberInt(13)
}
{ 
    "_id" : ObjectId("5ea86eb7d8d93354f616130c"), 
    "userType" : "Supplier", 
    "arabicName" : "سائق مورد", 
    "englishName" : "SupplierDriver", 
    "supplier" : ObjectId("5ea86eb7d8d93354f616130a"), 
    "isDeleted" : false, 
    "createdAt" : ISODate("2020-04-26T16:15:16.826+0000"), 
    "isLocked" : false, 
    "permissions" : [
        ObjectId("5ea542e11ac4cd3b0a44df15")
    ], 
    "__v" : NumberInt(4)
}
{ 
    "_id" : ObjectId("5ea86eb7d8d93354f616130b"), 
    "supplier" : ObjectId("5ea86eb7d8d93354f616130a"), 
    "userType" : "Supplier", 
    "arabicName" : "إداري مزود", 
    "englishName" : "Supplier Admin", 
    "isDeleted" : false, 
    "createdAt" : ISODate("2020-04-26T16:15:16.826+0000"), 
    "isLocked" : false, 
    "permissions" : [
        ObjectId("5ea542e11ac4cd3b0a44df06"), 
        ObjectId("5ea542e11ac4cd3b0a44df07"), 
        ObjectId("5ea542e11ac4cd3b0a44df09"), 
        ObjectId("5ea542e11ac4cd3b0a44df0a"), 
        ObjectId("5ea542e11ac4cd3b0a44df08"), 
        ObjectId("5ea542e11ac4cd3b0a44df0b"), 
        ObjectId("5ea542e11ac4cd3b0a44df0c"), 
        ObjectId("5ea542e11ac4cd3b0a44df0d"), 
        ObjectId("5ea542e11ac4cd3b0a44df0e"), 
        ObjectId("5ea542e11ac4cd3b0a44df0f"), 
        ObjectId("5ea542e11ac4cd3b0a44df10"), 
        ObjectId("5ea542e11ac4cd3b0a44df11"), 
        ObjectId("5ea542e11ac4cd3b0a44df12"), 
        ObjectId("5ea542e11ac4cd3b0a44df13"), 
        ObjectId("5ea542e11ac4cd3b0a44df14"), 
        ObjectId("5ea542e11ac4cd3b0a44df15"), 
        ObjectId("5f19cd84193daa2c31414ec0")
    ], 
    "__v" : NumberInt(0)
}
{ 
    "_id" : ObjectId("5ea87663d8d93354f6161317"), 
    "customer" : ObjectId("5ea87662d8d93354f6161315"), 
    "userType" : "Customer", 
    "arabicName" : "عميل", 
    "englishName" : "Customer", 
    "isDeleted" : false, 
    "createdAt" : ISODate("2020-04-28T21:30:59.016+0000"), 
    "isLocked" : false, 
    "permissions" : [
        ObjectId("5ea542e11ac4cd3b0a44df01"), 
        ObjectId("5ea542e11ac4cd3b0a44df02"), 
        ObjectId("5ea542e11ac4cd3b0a44df03"), 
        ObjectId("5ea542e11ac4cd3b0a44df04")
    ], 
    "__v" : NumberInt(0)
}
{ 
    "_id" : ObjectId("5ead618dd8d93354f616133a"), 
    "userType" : "Supplier", 
    "arabicName" : "سائق مورد", 
    "englishName" : "SupplierDriver", 
    "supplier" : ObjectId("5ead618dd8d93354f6161338"), 
    "isDeleted" : false, 
    "createdAt" : ISODate("2020-04-26T16:15:16.826+0000"), 
    "isLocked" : false, 
    "permissions" : [
        ObjectId("5f19cd84193daa2c31414ec0")
    ], 
    "__v" : NumberInt(0)
}
{ 
    "_id" : ObjectId("5ead618dd8d93354f6161339"), 
    "supplier" : ObjectId("5ead618dd8d93354f6161338"), 
    "userType" : "Supplier", 
    "arabicName" : "إداري مزود", 
    "englishName" : "Supplier Admin", 
    "isDeleted" : false, 
    "createdAt" : ISODate("2020-04-26T16:15:16.826+0000"), 
    "isLocked" : false, 
    "permissions" : [
        ObjectId("5ea542e11ac4cd3b0a44df06"), 
        ObjectId("5ea542e11ac4cd3b0a44df07"), 
        ObjectId("5ea542e11ac4cd3b0a44df09"), 
        ObjectId("5ea542e11ac4cd3b0a44df0a"), 
        ObjectId("5ea542e11ac4cd3b0a44df08"), 
        ObjectId("5ea542e11ac4cd3b0a44df0b"), 
        ObjectId("5ea542e11ac4cd3b0a44df0c"), 
        ObjectId("5ea542e11ac4cd3b0a44df0d"), 
        ObjectId("5ea542e11ac4cd3b0a44df0e"), 
        ObjectId("5ea542e11ac4cd3b0a44df0f"), 
        ObjectId("5ea542e11ac4cd3b0a44df10"), 
        ObjectId("5ea542e11ac4cd3b0a44df11"), 
        ObjectId("5ea542e11ac4cd3b0a44df12"), 
        ObjectId("5ea542e11ac4cd3b0a44df13"), 
        ObjectId("5ea542e11ac4cd3b0a44df14"), 
        ObjectId("5ea542e11ac4cd3b0a44df15"), 
        ObjectId("5f19cd84193daa2c31414ec0")
    ], 
    "__v" : NumberInt(0)
}
{ 
    "_id" : ObjectId("5ef8e0ded8d93354f6161358"), 
    "userType" : "Supplier", 
    "arabicName" : "سائق مورد", 
    "englishName" : "SupplierDriver", 
    "supplier" : ObjectId("5ef8e0ded8d93354f6161356"), 
    "isDeleted" : false, 
    "createdAt" : ISODate("2020-04-26T16:15:16.826+0000"), 
    "isLocked" : false, 
    "permissions" : [
        ObjectId("5f19cd84193daa2c31414ec0")
    ], 
    "__v" : NumberInt(0)
}
{ 
    "_id" : ObjectId("5ef8e0ded8d93354f6161357"), 
    "supplier" : ObjectId("5ef8e0ded8d93354f6161356"), 
    "userType" : "Supplier", 
    "arabicName" : "إداري مزود", 
    "englishName" : "Supplier Admin", 
    "isDeleted" : false, 
    "createdAt" : ISODate("2020-04-26T16:15:16.826+0000"), 
    "isLocked" : false, 
    "permissions" : [
        ObjectId("5ea542e11ac4cd3b0a44df06"), 
        ObjectId("5ea542e11ac4cd3b0a44df07"), 
        ObjectId("5ea542e11ac4cd3b0a44df09"), 
        ObjectId("5ea542e11ac4cd3b0a44df0a"), 
        ObjectId("5ea542e11ac4cd3b0a44df08"), 
        ObjectId("5ea542e11ac4cd3b0a44df0b"), 
        ObjectId("5ea542e11ac4cd3b0a44df0c"), 
        ObjectId("5ea542e11ac4cd3b0a44df0d"), 
        ObjectId("5ea542e11ac4cd3b0a44df0e"), 
        ObjectId("5ea542e11ac4cd3b0a44df0f"), 
        ObjectId("5ea542e11ac4cd3b0a44df10"), 
        ObjectId("5ea542e11ac4cd3b0a44df11"), 
        ObjectId("5ea542e11ac4cd3b0a44df12"), 
        ObjectId("5ea542e11ac4cd3b0a44df13"), 
        ObjectId("5ea542e11ac4cd3b0a44df14"), 
        ObjectId("5ea542e11ac4cd3b0a44df15"), 
        ObjectId("5f19cd84193daa2c31414ec0")
    ], 
    "__v" : NumberInt(0)
}
{ 
    "_id" : ObjectId("5ef8e3ebd8d93354f6161359"), 
    "userType" : "Admin", 
    "arabicName" : "vzd", 
    "englishName" : "ddasf", 
    "isDeleted" : true, 
    "createdAt" : ISODate("2020-04-26T16:15:16.826+0000"), 
    "isLocked" : false, 
    "permissions" : [

    ], 
    "__v" : NumberInt(0)
}
{ 
    "_id" : ObjectId("5ef8ea6ad8d93354f6161361"), 
    "customer" : ObjectId("5ef8ea6ad8d93354f616135f"), 
    "userType" : "Customer", 
    "arabicName" : "عميل", 
    "englishName" : "Customer", 
    "isDeleted" : false, 
    "createdAt" : ISODate("2020-06-28T22:07:22.489+0000"), 
    "isLocked" : false, 
    "permissions" : [
        ObjectId("5ea542e11ac4cd3b0a44df01"), 
        ObjectId("5ea542e11ac4cd3b0a44df02"), 
        ObjectId("5ea542e11ac4cd3b0a44df03"), 
        ObjectId("5ea542e11ac4cd3b0a44df04")
    ], 
    "__v" : NumberInt(0)
}
{ 
    "_id" : ObjectId("5ef8ea72d8d93354f6161365"), 
    "customer" : ObjectId("5ef8ea72d8d93354f6161363"), 
    "userType" : "Customer", 
    "arabicName" : "عميل", 
    "englishName" : "Customer", 
    "isDeleted" : false, 
    "createdAt" : ISODate("2020-06-28T22:07:30.302+0000"), 
    "isLocked" : false, 
    "permissions" : [
        ObjectId("5ea542e11ac4cd3b0a44df01"), 
        ObjectId("5ea542e11ac4cd3b0a44df02"), 
        ObjectId("5ea542e11ac4cd3b0a44df03"), 
        ObjectId("5ea542e11ac4cd3b0a44df04")
    ], 
    "__v" : NumberInt(0)
}
{ 
    "_id" : ObjectId("5ef8ea7ed8d93354f6161369"), 
    "customer" : ObjectId("5ef8ea7ed8d93354f6161367"), 
    "userType" : "Customer", 
    "arabicName" : "عميل", 
    "englishName" : "Customer", 
    "isDeleted" : false, 
    "createdAt" : ISODate("2020-06-28T22:07:42.410+0000"), 
    "isLocked" : false, 
    "permissions" : [
        ObjectId("5ea542e11ac4cd3b0a44df01"), 
        ObjectId("5ea542e11ac4cd3b0a44df02"), 
        ObjectId("5ea542e11ac4cd3b0a44df03"), 
        ObjectId("5ea542e11ac4cd3b0a44df04")
    ], 
    "__v" : NumberInt(0)
}
{ 
    "_id" : ObjectId("5f006ec3d8d93354f6161370"), 
    "customer" : ObjectId("5f006ec3d8d93354f616136e"), 
    "userType" : "Customer", 
    "arabicName" : "عميل", 
    "englishName" : "Customer", 
    "isDeleted" : false, 
    "createdAt" : ISODate("2020-07-04T14:57:55.140+0000"), 
    "isLocked" : false, 
    "permissions" : [
        ObjectId("5ea542e11ac4cd3b0a44df01"), 
        ObjectId("5ea542e11ac4cd3b0a44df02"), 
        ObjectId("5ea542e11ac4cd3b0a44df03"), 
        ObjectId("5ea542e11ac4cd3b0a44df04")
    ], 
    "__v" : NumberInt(0)
}
{ 
    "_id" : ObjectId("5f006ec7d8d93354f6161374"), 
    "customer" : ObjectId("5f006ec7d8d93354f6161372"), 
    "userType" : "Customer", 
    "arabicName" : "عميل", 
    "englishName" : "Customer", 
    "isDeleted" : false, 
    "createdAt" : ISODate("2020-07-04T14:57:59.412+0000"), 
    "isLocked" : false, 
    "permissions" : [
        ObjectId("5ea542e11ac4cd3b0a44df01"), 
        ObjectId("5ea542e11ac4cd3b0a44df02"), 
        ObjectId("5ea542e11ac4cd3b0a44df03"), 
        ObjectId("5ea542e11ac4cd3b0a44df04")
    ], 
    "__v" : NumberInt(0)
}
{ 
    "_id" : ObjectId("5f006eeed8d93354f6161378"), 
    "customer" : ObjectId("5f006eeed8d93354f6161376"), 
    "userType" : "Customer", 
    "arabicName" : "عميل", 
    "englishName" : "Customer", 
    "isDeleted" : false, 
    "createdAt" : ISODate("2020-07-04T14:58:38.871+0000"), 
    "isLocked" : false, 
    "permissions" : [
        ObjectId("5ea542e11ac4cd3b0a44df01"), 
        ObjectId("5ea542e11ac4cd3b0a44df02"), 
        ObjectId("5ea542e11ac4cd3b0a44df03"), 
        ObjectId("5ea542e11ac4cd3b0a44df04")
    ], 
    "__v" : NumberInt(0)
}
{ 
    "_id" : ObjectId("5f006f12d8d93354f616137c"), 
    "customer" : ObjectId("5f006f12d8d93354f616137a"), 
    "userType" : "Customer", 
    "arabicName" : "عميل", 
    "englishName" : "Customer", 
    "isDeleted" : false, 
    "createdAt" : ISODate("2020-07-04T14:59:14.054+0000"), 
    "isLocked" : false, 
    "permissions" : [
        ObjectId("5ea542e11ac4cd3b0a44df01"), 
        ObjectId("5ea542e11ac4cd3b0a44df02"), 
        ObjectId("5ea542e11ac4cd3b0a44df03"), 
        ObjectId("5ea542e11ac4cd3b0a44df04")
    ], 
    "__v" : NumberInt(0)
}
{ 
    "_id" : ObjectId("5f1a9c45cce33f65397fa7ed"), 
    "userType" : "Supplier", 
    "arabicName" : "سائق مورد", 
    "englishName" : "SupplierDriver", 
    "supplier" : ObjectId("5f1a9c45cce33f65397fa7eb"), 
    "isDeleted" : false, 
    "createdAt" : ISODate("2020-07-23T20:38:12.740+0000"), 
    "isLocked" : false, 
    "permissions" : [
        ObjectId("5ea542e11ac4cd3b0a44df15")
    ], 
    "__v" : NumberInt(5)
}
{ 
    "_id" : ObjectId("5f1a9c45cce33f65397fa7ec"), 
    "supplier" : ObjectId("5f1a9c45cce33f65397fa7eb"), 
    "userType" : "Supplier", 
    "arabicName" : "إداري مزود", 
    "englishName" : "Supplier Admin", 
    "isDeleted" : false, 
    "createdAt" : ISODate("2020-07-23T20:38:12.740+0000"), 
    "isLocked" : false, 
    "permissions" : [
        ObjectId("5ea542e11ac4cd3b0a44df06"), 
        ObjectId("5ea542e11ac4cd3b0a44df07"), 
        ObjectId("5ea542e11ac4cd3b0a44df09"), 
        ObjectId("5ea542e11ac4cd3b0a44df0a"), 
        ObjectId("5ea542e11ac4cd3b0a44df08"), 
        ObjectId("5ea542e11ac4cd3b0a44df0b"), 
        ObjectId("5ea542e11ac4cd3b0a44df0c"), 
        ObjectId("5ea542e11ac4cd3b0a44df0d"), 
        ObjectId("5ea542e11ac4cd3b0a44df0e"), 
        ObjectId("5ea542e11ac4cd3b0a44df0f"), 
        ObjectId("5ea542e11ac4cd3b0a44df10"), 
        ObjectId("5ea542e11ac4cd3b0a44df11"), 
        ObjectId("5ea542e11ac4cd3b0a44df12"), 
        ObjectId("5ea542e11ac4cd3b0a44df13"), 
        ObjectId("5ea542e11ac4cd3b0a44df14"), 
        ObjectId("5ea542e11ac4cd3b0a44df15"), 
        ObjectId("5f19cd84193daa2c31414ec0")
    ], 
    "__v" : NumberInt(0)
}
{ 
    "_id" : ObjectId("5f1ac4d1cce33f65397fa808"), 
    "customer" : ObjectId("5f1ac4d1cce33f65397fa806"), 
    "userType" : "Customer", 
    "arabicName" : "عميل", 
    "englishName" : "Customer", 
    "isDeleted" : false, 
    "createdAt" : ISODate("2020-07-24T14:24:01.146+0000"), 
    "isLocked" : false, 
    "permissions" : [
        ObjectId("5ea542e11ac4cd3b0a44df01"), 
        ObjectId("5ea542e11ac4cd3b0a44df02"), 
        ObjectId("5ea542e11ac4cd3b0a44df03"), 
        ObjectId("5ea542e11ac4cd3b0a44df04")
    ], 
    "__v" : NumberInt(0)
}
{ 
    "_id" : ObjectId("5f1ac4d9cce33f65397fa80c"), 
    "customer" : ObjectId("5f1ac4d9cce33f65397fa80a"), 
    "userType" : "Customer", 
    "arabicName" : "عميل", 
    "englishName" : "Customer", 
    "isDeleted" : false, 
    "createdAt" : ISODate("2020-07-24T14:24:09.658+0000"), 
    "isLocked" : false, 
    "permissions" : [
        ObjectId("5ea542e11ac4cd3b0a44df01"), 
        ObjectId("5ea542e11ac4cd3b0a44df02"), 
        ObjectId("5ea542e11ac4cd3b0a44df03"), 
        ObjectId("5ea542e11ac4cd3b0a44df04")
    ], 
    "__v" : NumberInt(0)
}
{ 
    "_id" : ObjectId("5f1ac4e9cce33f65397fa810"), 
    "customer" : ObjectId("5f1ac4e9cce33f65397fa80e"), 
    "userType" : "Customer", 
    "arabicName" : "عميل", 
    "englishName" : "Customer", 
    "isDeleted" : false, 
    "createdAt" : ISODate("2020-07-24T14:24:25.400+0000"), 
    "isLocked" : false, 
    "permissions" : [
        ObjectId("5ea542e11ac4cd3b0a44df01"), 
        ObjectId("5ea542e11ac4cd3b0a44df02"), 
        ObjectId("5ea542e11ac4cd3b0a44df03"), 
        ObjectId("5ea542e11ac4cd3b0a44df04")
    ], 
    "__v" : NumberInt(0)
}
{ 
    "_id" : ObjectId("5f1ac50bcce33f65397fa814"), 
    "customer" : ObjectId("5f1ac50bcce33f65397fa812"), 
    "userType" : "Customer", 
    "arabicName" : "عميل", 
    "englishName" : "Customer", 
    "isDeleted" : false, 
    "createdAt" : ISODate("2020-07-24T14:24:59.928+0000"), 
    "isLocked" : false, 
    "permissions" : [
        ObjectId("5ea542e11ac4cd3b0a44df01"), 
        ObjectId("5ea542e11ac4cd3b0a44df02"), 
        ObjectId("5ea542e11ac4cd3b0a44df03"), 
        ObjectId("5ea542e11ac4cd3b0a44df04")
    ], 
    "__v" : NumberInt(0)
}
{ 
    "_id" : ObjectId("5f1ac685cce33f65397fa821"), 
    "customer" : ObjectId("5f1ac685cce33f65397fa81f"), 
    "userType" : "Customer", 
    "arabicName" : "عميل", 
    "englishName" : "Customer", 
    "isDeleted" : false, 
    "createdAt" : ISODate("2020-07-24T14:31:17.146+0000"), 
    "isLocked" : false, 
    "permissions" : [
        ObjectId("5ea542e11ac4cd3b0a44df01"), 
        ObjectId("5ea542e11ac4cd3b0a44df02"), 
        ObjectId("5ea542e11ac4cd3b0a44df03"), 
        ObjectId("5ea542e11ac4cd3b0a44df04")
    ], 
    "__v" : NumberInt(0)
}
{ 
    "_id" : ObjectId("5f1aff84cce33f65397fa88e"), 
    "userType" : "Supplier", 
    "supplier" : ObjectId("5f1a9c45cce33f65397fa7eb"), 
    "arabicName" : "المستودع", 
    "englishName" : "Inventory", 
    "isDeleted" : false, 
    "createdAt" : ISODate("2020-07-23T20:38:12.740+0000"), 
    "isLocked" : false, 
    "permissions" : [
        ObjectId("5f19cd84193daa2c31414ec0"), 
        ObjectId("5ea542e11ac4cd3b0a44df09")
    ], 
    "__v" : NumberInt(20)
}
{ 
    "_id" : ObjectId("5f3b8463687ef766db4a8a6f"), 
    "customer" : ObjectId("5f3b8463687ef766db4a8a6d"), 
    "userType" : "Customer", 
    "arabicName" : "عميل", 
    "englishName" : "Customer", 
    "isDeleted" : false, 
    "createdAt" : ISODate("2020-08-18T10:33:55.281+0000"), 
    "isLocked" : false, 
    "permissions" : [
        ObjectId("5ea542e11ac4cd3b0a44df01"), 
        ObjectId("5ea542e11ac4cd3b0a44df02"), 
        ObjectId("5ea542e11ac4cd3b0a44df03"), 
        ObjectId("5ea542e11ac4cd3b0a44df04")
    ], 
    "__v" : NumberInt(0)
}
{ 
    "_id" : ObjectId("5f3c20ba687ef766db4a8a75"), 
    "userType" : "Customer", 
    "customer" : ObjectId("5ea87662d8d93354f6161315"), 
    "arabicName" : "التحضير", 
    "englishName" : "OrderTeam", 
    "isDeleted" : true, 
    "createdAt" : ISODate("2020-07-25T08:31:54.487+0000"), 
    "isLocked" : false, 
    "permissions" : [

    ], 
    "__v" : NumberInt(0)
}
{ 
    "_id" : ObjectId("5f3c27f6687ef766db4a8a82"), 
    "customer" : ObjectId("5f3c27f6687ef766db4a8a80"), 
    "userType" : "Customer", 
    "arabicName" : "عميل", 
    "englishName" : "Customer", 
    "isDeleted" : false, 
    "createdAt" : ISODate("2020-08-18T22:11:50.185+0000"), 
    "isLocked" : false, 
    "permissions" : [
        ObjectId("5ea542e11ac4cd3b0a44df01"), 
        ObjectId("5ea542e11ac4cd3b0a44df02"), 
        ObjectId("5ea542e11ac4cd3b0a44df03"), 
        ObjectId("5ea542e11ac4cd3b0a44df04")
    ], 
    "__v" : NumberInt(0)
}
{ 
    "_id" : ObjectId("5f3c2804687ef766db4a8a86"), 
    "customer" : ObjectId("5f3c2804687ef766db4a8a84"), 
    "userType" : "Customer", 
    "arabicName" : "عميل", 
    "englishName" : "Customer", 
    "isDeleted" : false, 
    "createdAt" : ISODate("2020-08-18T22:12:04.243+0000"), 
    "isLocked" : false, 
    "permissions" : [
        ObjectId("5ea542e11ac4cd3b0a44df01"), 
        ObjectId("5ea542e11ac4cd3b0a44df02"), 
        ObjectId("5ea542e11ac4cd3b0a44df03"), 
        ObjectId("5ea542e11ac4cd3b0a44df04")
    ], 
    "__v" : NumberInt(0)
}
{ 
    "_id" : ObjectId("5f3c2812687ef766db4a8a8a"), 
    "customer" : ObjectId("5f3c2812687ef766db4a8a88"), 
    "userType" : "Customer", 
    "arabicName" : "عميل", 
    "englishName" : "Customer", 
    "isDeleted" : false, 
    "createdAt" : ISODate("2020-08-18T22:12:18.254+0000"), 
    "isLocked" : false, 
    "permissions" : [
        ObjectId("5ea542e11ac4cd3b0a44df01"), 
        ObjectId("5ea542e11ac4cd3b0a44df02"), 
        ObjectId("5ea542e11ac4cd3b0a44df03"), 
        ObjectId("5ea542e11ac4cd3b0a44df04")
    ], 
    "__v" : NumberInt(0)
}
{ 
    "_id" : ObjectId("5f3c281e687ef766db4a8a8e"), 
    "customer" : ObjectId("5f3c281e687ef766db4a8a8c"), 
    "userType" : "Customer", 
    "arabicName" : "عميل", 
    "englishName" : "Customer", 
    "isDeleted" : false, 
    "createdAt" : ISODate("2020-08-18T22:12:30.250+0000"), 
    "isLocked" : false, 
    "permissions" : [
        ObjectId("5ea542e11ac4cd3b0a44df01"), 
        ObjectId("5ea542e11ac4cd3b0a44df02"), 
        ObjectId("5ea542e11ac4cd3b0a44df03"), 
        ObjectId("5ea542e11ac4cd3b0a44df04")
    ], 
    "__v" : NumberInt(0)
}
{ 
    "_id" : ObjectId("5f3c28e7687ef766db4a8a8f"), 
    "userType" : "Customer", 
    "customer" : ObjectId("5ea87662d8d93354f6161315"), 
    "arabicName" : "تقنية معلومات", 
    "englishName" : "IT", 
    "isDeleted" : false, 
    "createdAt" : ISODate("2020-07-25T08:31:54.487+0000"), 
    "isLocked" : false, 
    "permissions" : [
        ObjectId("5ea542e11ac4cd3b0a44df02"), 
        ObjectId("5ea542e11ac4cd3b0a44df03"), 
        ObjectId("5ea542e11ac4cd3b0a44df04")
    ], 
    "__v" : NumberInt(3)
}
{ 
    "_id" : ObjectId("5f3cce11687ef766db4a8a96"), 
    "userType" : "Customer", 
    "customer" : ObjectId("5ea87662d8d93354f6161315"), 
    "arabicName" : "فريق التحضير", 
    "englishName" : "OrderTeam", 
    "isDeleted" : true, 
    "createdAt" : ISODate("2020-07-25T08:31:54.487+0000"), 
    "isLocked" : false, 
    "permissions" : [

    ], 
    "__v" : NumberInt(0)
}
{ 
    "_id" : ObjectId("5f3cce23687ef766db4a8a97"), 
    "userType" : "Customer", 
    "customer" : ObjectId("5f3b8463687ef766db4a8a6d"), 
    "arabicName" : "مدير منطقة الوسطى", 
    "englishName" : "Central Region Manager", 
    "isDeleted" : false, 
    "createdAt" : ISODate("2020-07-25T08:31:54.487+0000"), 
    "isLocked" : false, 
    "permissions" : [
        ObjectId("5ea542e11ac4cd3b0a44df02"), 
        ObjectId("5ea542e11ac4cd3b0a44df03")
    ], 
    "__v" : NumberInt(2)
}
{ 
    "_id" : ObjectId("5f3cd5d0687ef766db4a8aa2"), 
    "userType" : "Customer", 
    "customer" : null, 
    "arabicName" : "فرع المالقا", 
    "englishName" : "Malqa Branch", 
    "isDeleted" : false, 
    "createdAt" : ISODate("2020-07-25T08:31:54.487+0000"), 
    "isLocked" : false, 
    "permissions" : [

    ], 
    "__v" : NumberInt(0)
}
{ 
    "_id" : ObjectId("5f40d75e687ef766db4a8aa4"), 
    "userType" : "Customer", 
    "customer" : ObjectId("5ea87662d8d93354f6161315"), 
    "arabicName" : "مدير فرع", 
    "englishName" : "Branch Manager", 
    "isDeleted" : false, 
    "createdAt" : ISODate("2020-07-25T08:31:54.487+0000"), 
    "isLocked" : false, 
    "permissions" : [
        ObjectId("5ea542e11ac4cd3b0a44df02"), 
        ObjectId("5ea542e11ac4cd3b0a44df03"), 
        ObjectId("5ea542e11ac4cd3b0a44df04")
    ], 
    "__v" : NumberInt(3)
}
{ 
    "_id" : ObjectId("5f40dc22687ef766db4a8aa9"), 
    "userType" : "Customer", 
    "customer" : null, 
    "arabicName" : "فريق التحضير", 
    "englishName" : "OrderTeam", 
    "isDeleted" : false, 
    "createdAt" : ISODate("2020-07-25T08:31:54.487+0000"), 
    "isLocked" : false, 
    "permissions" : [

    ], 
    "__v" : NumberInt(0)
}
{ 
    "_id" : ObjectId("5f410e83be383b61c3c1f51c"), 
    "userType" : "Supplier", 
    "arabicName" : "سائق مورد", 
    "englishName" : "SupplierDriver", 
    "supplier" : ObjectId("5f410e83be383b61c3c1f51a"), 
    "isDeleted" : false, 
    "createdAt" : ISODate("2020-08-22T15:13:26.514+0000"), 
    "isLocked" : false, 
    "permissions" : [

    ], 
    "__v" : NumberInt(0)
}
{ 
    "_id" : ObjectId("5f410e83be383b61c3c1f51b"), 
    "supplier" : ObjectId("5f410e83be383b61c3c1f51a"), 
    "userType" : "Supplier", 
    "arabicName" : "إداري مزود", 
    "englishName" : "Supplier Admin", 
    "isDeleted" : false, 
    "createdAt" : ISODate("2020-08-22T15:13:26.514+0000"), 
    "isLocked" : false, 
    "permissions" : [
        ObjectId("5ea542e11ac4cd3b0a44df06"), 
        ObjectId("5ea542e11ac4cd3b0a44df07"), 
        ObjectId("5ea542e11ac4cd3b0a44df09"), 
        ObjectId("5ea542e11ac4cd3b0a44df0a"), 
        ObjectId("5ea542e11ac4cd3b0a44df08"), 
        ObjectId("5ea542e11ac4cd3b0a44df0b"), 
        ObjectId("5ea542e11ac4cd3b0a44df0c"), 
        ObjectId("5ea542e11ac4cd3b0a44df0d"), 
        ObjectId("5ea542e11ac4cd3b0a44df0e"), 
        ObjectId("5ea542e11ac4cd3b0a44df0f"), 
        ObjectId("5ea542e11ac4cd3b0a44df10"), 
        ObjectId("5ea542e11ac4cd3b0a44df11"), 
        ObjectId("5ea542e11ac4cd3b0a44df12"), 
        ObjectId("5ea542e11ac4cd3b0a44df13"), 
        ObjectId("5ea542e11ac4cd3b0a44df14"), 
        ObjectId("5ea542e11ac4cd3b0a44df15"), 
        ObjectId("5f19cd84193daa2c31414ec0")
    ], 
    "__v" : NumberInt(0)
}
{ 
    "_id" : ObjectId("5f41170b4fd10364fd9d30dd"), 
    "userType" : "Supplier", 
    "arabicName" : "سائق مورد", 
    "englishName" : "SupplierDriver", 
    "supplier" : ObjectId("5f41170b4fd10364fd9d30db"), 
    "isDeleted" : false, 
    "createdAt" : ISODate("2020-08-22T15:53:56.744+0000"), 
    "isLocked" : false, 
    "permissions" : [

    ], 
    "__v" : NumberInt(0)
}
{ 
    "_id" : ObjectId("5f41170b4fd10364fd9d30dc"), 
    "supplier" : ObjectId("5f41170b4fd10364fd9d30db"), 
    "userType" : "Supplier", 
    "arabicName" : "إداري مزود", 
    "englishName" : "Supplier Admin", 
    "isDeleted" : false, 
    "createdAt" : ISODate("2020-08-22T15:53:56.744+0000"), 
    "isLocked" : false, 
    "permissions" : [
        ObjectId("5ea542e11ac4cd3b0a44df06"), 
        ObjectId("5ea542e11ac4cd3b0a44df07"), 
        ObjectId("5ea542e11ac4cd3b0a44df09"), 
        ObjectId("5ea542e11ac4cd3b0a44df0a"), 
        ObjectId("5ea542e11ac4cd3b0a44df08"), 
        ObjectId("5ea542e11ac4cd3b0a44df0b"), 
        ObjectId("5ea542e11ac4cd3b0a44df0c"), 
        ObjectId("5ea542e11ac4cd3b0a44df0d"), 
        ObjectId("5ea542e11ac4cd3b0a44df0e"), 
        ObjectId("5ea542e11ac4cd3b0a44df0f"), 
        ObjectId("5ea542e11ac4cd3b0a44df10"), 
        ObjectId("5ea542e11ac4cd3b0a44df11"), 
        ObjectId("5ea542e11ac4cd3b0a44df12"), 
        ObjectId("5ea542e11ac4cd3b0a44df13"), 
        ObjectId("5ea542e11ac4cd3b0a44df14"), 
        ObjectId("5ea542e11ac4cd3b0a44df15"), 
        ObjectId("5f19cd84193daa2c31414ec0")
    ], 
    "__v" : NumberInt(0)
}
{ 
    "_id" : ObjectId("5f41175c4fd10364fd9d30e5"), 
    "userType" : "Supplier", 
    "arabicName" : "سائق مورد", 
    "englishName" : "SupplierDriver", 
    "supplier" : ObjectId("5f41175c4fd10364fd9d30e3"), 
    "isDeleted" : false, 
    "createdAt" : ISODate("2020-08-22T15:53:56.744+0000"), 
    "isLocked" : false, 
    "permissions" : [

    ], 
    "__v" : NumberInt(0)
}
{ 
    "_id" : ObjectId("5f41175c4fd10364fd9d30e4"), 
    "supplier" : ObjectId("5f41175c4fd10364fd9d30e3"), 
    "userType" : "Supplier", 
    "arabicName" : "إداري مزود", 
    "englishName" : "Supplier Admin", 
    "isDeleted" : false, 
    "createdAt" : ISODate("2020-08-22T15:53:56.744+0000"), 
    "isLocked" : false, 
    "permissions" : [
        ObjectId("5ea542e11ac4cd3b0a44df06"), 
        ObjectId("5ea542e11ac4cd3b0a44df07"), 
        ObjectId("5ea542e11ac4cd3b0a44df09"), 
        ObjectId("5ea542e11ac4cd3b0a44df0a"), 
        ObjectId("5ea542e11ac4cd3b0a44df08"), 
        ObjectId("5ea542e11ac4cd3b0a44df0b"), 
        ObjectId("5ea542e11ac4cd3b0a44df0c"), 
        ObjectId("5ea542e11ac4cd3b0a44df0d"), 
        ObjectId("5ea542e11ac4cd3b0a44df0e"), 
        ObjectId("5ea542e11ac4cd3b0a44df0f"), 
        ObjectId("5ea542e11ac4cd3b0a44df10"), 
        ObjectId("5ea542e11ac4cd3b0a44df11"), 
        ObjectId("5ea542e11ac4cd3b0a44df12"), 
        ObjectId("5ea542e11ac4cd3b0a44df13"), 
        ObjectId("5ea542e11ac4cd3b0a44df14"), 
        ObjectId("5ea542e11ac4cd3b0a44df15"), 
        ObjectId("5f19cd84193daa2c31414ec0")
    ], 
    "__v" : NumberInt(0)
}
{ 
    "_id" : ObjectId("5f411a524fd10364fd9d30ec"), 
    "customer" : ObjectId("5f411a524fd10364fd9d30ea"), 
    "userType" : "Customer", 
    "arabicName" : "عميل", 
    "englishName" : "Customer", 
    "isDeleted" : false, 
    "createdAt" : ISODate("2020-08-22T16:14:58.266+0000"), 
    "isLocked" : false, 
    "permissions" : [
        ObjectId("5ea542e11ac4cd3b0a44df01"), 
        ObjectId("5ea542e11ac4cd3b0a44df02"), 
        ObjectId("5ea542e11ac4cd3b0a44df03"), 
        ObjectId("5ea542e11ac4cd3b0a44df04")
    ], 
    "__v" : NumberInt(0)
}
{ 
    "_id" : ObjectId("5f411a914fd10364fd9d30ee"), 
    "userType" : "Customer", 
    "customer" : ObjectId("5f411a524fd10364fd9d30ea"), 
    "arabicName" : "مدير", 
    "englishName" : "Manager", 
    "isDeleted" : false, 
    "createdAt" : ISODate("2020-08-22T15:53:56.744+0000"), 
    "isLocked" : false, 
    "permissions" : [
        ObjectId("5ea542e11ac4cd3b0a44df02"), 
        ObjectId("5ea542e11ac4cd3b0a44df03")
    ], 
    "__v" : NumberInt(4)
}
{ 
    "_id" : ObjectId("5f411aa54fd10364fd9d30ef"), 
    "userType" : "Customer", 
    "customer" : ObjectId("5f411a524fd10364fd9d30ea"), 
    "arabicName" : "مبرمج", 
    "englishName" : "IT", 
    "isDeleted" : false, 
    "createdAt" : ISODate("2020-08-22T15:53:56.744+0000"), 
    "isLocked" : false, 
    "permissions" : [
        ObjectId("5ea542e11ac4cd3b0a44df02")
    ], 
    "__v" : NumberInt(1)
}
{ 
    "_id" : ObjectId("5f427ff43447c72f4a87572f"), 
    "customer" : ObjectId("5f427ff43447c72f4a87572c"), 
    "userType" : "Customer", 
    "arabicName" : "عميل", 
    "englishName" : "Customer", 
    "isDeleted" : false, 
    "createdAt" : ISODate("2020-08-23T17:40:52.234+0000"), 
    "isLocked" : false, 
    "permissions" : [
        ObjectId("5ea542e11ac4cd3b0a44df01"), 
        ObjectId("5ea542e11ac4cd3b0a44df02"), 
        ObjectId("5ea542e11ac4cd3b0a44df03"), 
        ObjectId("5ea542e11ac4cd3b0a44df04")
    ], 
    "__v" : NumberInt(0)
}
{ 
    "_id" : ObjectId("5f4280023447c72f4a875734"), 
    "customer" : ObjectId("5f4280023447c72f4a875731"), 
    "userType" : "Customer", 
    "arabicName" : "عميل", 
    "englishName" : "Customer", 
    "isDeleted" : false, 
    "createdAt" : ISODate("2020-08-23T17:41:06.014+0000"), 
    "isLocked" : false, 
    "permissions" : [
        ObjectId("5ea542e11ac4cd3b0a44df01"), 
        ObjectId("5ea542e11ac4cd3b0a44df02"), 
        ObjectId("5ea542e11ac4cd3b0a44df03"), 
        ObjectId("5ea542e11ac4cd3b0a44df04")
    ], 
    "__v" : NumberInt(0)
}
{ 
    "_id" : ObjectId("5f4280083447c72f4a875739"), 
    "customer" : ObjectId("5f4280083447c72f4a875736"), 
    "userType" : "Customer", 
    "arabicName" : "عميل", 
    "englishName" : "Customer", 
    "isDeleted" : false, 
    "createdAt" : ISODate("2020-08-23T17:41:12.615+0000"), 
    "isLocked" : false, 
    "permissions" : [
        ObjectId("5ea542e11ac4cd3b0a44df01"), 
        ObjectId("5ea542e11ac4cd3b0a44df02"), 
        ObjectId("5ea542e11ac4cd3b0a44df03"), 
        ObjectId("5ea542e11ac4cd3b0a44df04")
    ], 
    "__v" : NumberInt(0)
}
{ 
    "_id" : ObjectId("5f4280353447c72f4a87573e"), 
    "customer" : ObjectId("5f4280353447c72f4a87573b"), 
    "userType" : "Customer", 
    "arabicName" : "عميل", 
    "englishName" : "Customer", 
    "isDeleted" : false, 
    "createdAt" : ISODate("2020-08-23T17:41:57.879+0000"), 
    "isLocked" : false, 
    "permissions" : [
        ObjectId("5ea542e11ac4cd3b0a44df01"), 
        ObjectId("5ea542e11ac4cd3b0a44df02"), 
        ObjectId("5ea542e11ac4cd3b0a44df03"), 
        ObjectId("5ea542e11ac4cd3b0a44df04")
    ], 
    "__v" : NumberInt(0)
}
{ 
    "_id" : ObjectId("5f42804d3447c72f4a875743"), 
    "customer" : ObjectId("5f42804d3447c72f4a875740"), 
    "userType" : "Customer", 
    "arabicName" : "عميل", 
    "englishName" : "Customer", 
    "isDeleted" : false, 
    "createdAt" : ISODate("2020-08-23T17:42:21.481+0000"), 
    "isLocked" : false, 
    "permissions" : [
        ObjectId("5ea542e11ac4cd3b0a44df01"), 
        ObjectId("5ea542e11ac4cd3b0a44df02"), 
        ObjectId("5ea542e11ac4cd3b0a44df03"), 
        ObjectId("5ea542e11ac4cd3b0a44df04")
    ], 
    "__v" : NumberInt(0)
}
{ 
    "_id" : ObjectId("5f42a7246f0d7d32989a8281"), 
    "customer" : ObjectId("5f42a7246f0d7d32989a827f"), 
    "userType" : "Customer", 
    "arabicName" : "عميل", 
    "englishName" : "Customer", 
    "isDeleted" : false, 
    "createdAt" : ISODate("2020-08-23T20:28:04.964+0000"), 
    "isLocked" : false, 
    "permissions" : [
        ObjectId("5ea542e11ac4cd3b0a44df01"), 
        ObjectId("5ea542e11ac4cd3b0a44df02"), 
        ObjectId("5ea542e11ac4cd3b0a44df03"), 
        ObjectId("5ea542e11ac4cd3b0a44df04")
    ], 
    "__v" : NumberInt(0)
}
{ 
    "_id" : ObjectId("5f42aef1931d8d39b52bba45"), 
    "customer" : ObjectId("5f42aef1931d8d39b52bba43"), 
    "userType" : "Customer", 
    "arabicName" : "عميل", 
    "englishName" : "Customer", 
    "isDeleted" : false, 
    "createdAt" : ISODate("2020-08-23T21:01:21.689+0000"), 
    "isLocked" : false, 
    "permissions" : [
        ObjectId("5ea542e11ac4cd3b0a44df01"), 
        ObjectId("5ea542e11ac4cd3b0a44df02"), 
        ObjectId("5ea542e11ac4cd3b0a44df03"), 
        ObjectId("5ea542e11ac4cd3b0a44df04")
    ], 
    "__v" : NumberInt(0)
}
{ 
    "_id" : ObjectId("5f43d3f4931d8d39b52bba47"), 
    "userType" : "Customer", 
    "customer" : ObjectId("5f42aef1931d8d39b52bba43"), 
    "arabicName" : "مرحبا", 
    "englishName" : "NewRole", 
    "isDeleted" : false, 
    "createdAt" : ISODate("2020-08-23T20:57:15.336+0000"), 
    "isLocked" : false, 
    "permissions" : [
        ObjectId("5ea542e11ac4cd3b0a44df02"), 
        ObjectId("5ea542e11ac4cd3b0a44df03")
    ], 
    "__v" : NumberInt(2)
}
{ 
    "_id" : ObjectId("5f4411354eb5d37802a9a886"), 
    "userType" : "Customer", 
    "customer" : null, 
    "arabicName" : "مرحبا", 
    "englishName" : "Textmail2", 
    "isDeleted" : false, 
    "createdAt" : ISODate("2020-08-24T22:04:23.282+0000"), 
    "isLocked" : false, 
    "permissions" : [

    ], 
    "__v" : NumberInt(0)
}
{ 
    "_id" : ObjectId("5f44114a4eb5d37802a9a887"), 
    "userType" : "Customer", 
    "customer" : null, 
    "arabicName" : "مرحبا", 
    "englishName" : "TestRol2", 
    "isDeleted" : false, 
    "createdAt" : ISODate("2020-08-24T22:04:23.282+0000"), 
    "isLocked" : false, 
    "permissions" : [

    ], 
    "__v" : NumberInt(0)
}
{ 
    "_id" : ObjectId("5f456b0995b1207f0d403b9e"), 
    "customer" : ObjectId("5f456b0995b1207f0d403b9c"), 
    "userType" : "Customer", 
    "arabicName" : "عميل", 
    "englishName" : "Customer", 
    "isDeleted" : false, 
    "createdAt" : ISODate("2020-08-25T22:48:25.340+0000"), 
    "isLocked" : false, 
    "permissions" : [
        ObjectId("5ea542e11ac4cd3b0a44df01"), 
        ObjectId("5ea542e11ac4cd3b0a44df02"), 
        ObjectId("5ea542e11ac4cd3b0a44df03"), 
        ObjectId("5ea542e11ac4cd3b0a44df04")
    ], 
    "__v" : NumberInt(0)
}
{ 
    "_id" : ObjectId("5f456b1d95b1207f0d403ba2"), 
    "customer" : ObjectId("5f456b1d95b1207f0d403ba0"), 
    "userType" : "Customer", 
    "arabicName" : "عميل", 
    "englishName" : "Customer", 
    "isDeleted" : false, 
    "createdAt" : ISODate("2020-08-25T22:48:45.801+0000"), 
    "isLocked" : false, 
    "permissions" : [
        ObjectId("5ea542e11ac4cd3b0a44df01"), 
        ObjectId("5ea542e11ac4cd3b0a44df02"), 
        ObjectId("5ea542e11ac4cd3b0a44df03"), 
        ObjectId("5ea542e11ac4cd3b0a44df04")
    ], 
    "__v" : NumberInt(0)
}
{ 
    "_id" : ObjectId("5f456b3895b1207f0d403ba6"), 
    "customer" : ObjectId("5f456b3895b1207f0d403ba4"), 
    "userType" : "Customer", 
    "arabicName" : "عميل", 
    "englishName" : "Customer", 
    "isDeleted" : false, 
    "createdAt" : ISODate("2020-08-25T22:49:12.369+0000"), 
    "isLocked" : false, 
    "permissions" : [
        ObjectId("5ea542e11ac4cd3b0a44df01"), 
        ObjectId("5ea542e11ac4cd3b0a44df02"), 
        ObjectId("5ea542e11ac4cd3b0a44df03"), 
        ObjectId("5ea542e11ac4cd3b0a44df04")
    ], 
    "__v" : NumberInt(0)
}
{ 
    "_id" : ObjectId("5f456b9b95b1207f0d403baa"), 
    "customer" : ObjectId("5f456b9b95b1207f0d403ba8"), 
    "userType" : "Customer", 
    "arabicName" : "عميل", 
    "englishName" : "Customer", 
    "isDeleted" : false, 
    "createdAt" : ISODate("2020-08-25T22:50:51.128+0000"), 
    "isLocked" : false, 
    "permissions" : [
        ObjectId("5ea542e11ac4cd3b0a44df01"), 
        ObjectId("5ea542e11ac4cd3b0a44df02"), 
        ObjectId("5ea542e11ac4cd3b0a44df03"), 
        ObjectId("5ea542e11ac4cd3b0a44df04")
    ], 
    "__v" : NumberInt(0)
}
{ 
    "_id" : ObjectId("5f456ba395b1207f0d403bae"), 
    "customer" : ObjectId("5f456ba395b1207f0d403bac"), 
    "userType" : "Customer", 
    "arabicName" : "عميل", 
    "englishName" : "Customer", 
    "isDeleted" : false, 
    "createdAt" : ISODate("2020-08-25T22:50:59.118+0000"), 
    "isLocked" : false, 
    "permissions" : [
        ObjectId("5ea542e11ac4cd3b0a44df01"), 
        ObjectId("5ea542e11ac4cd3b0a44df02"), 
        ObjectId("5ea542e11ac4cd3b0a44df03"), 
        ObjectId("5ea542e11ac4cd3b0a44df04")
    ], 
    "__v" : NumberInt(0)
}
{ 
    "_id" : ObjectId("5f456bbd95b1207f0d403bb2"), 
    "customer" : ObjectId("5f456bbd95b1207f0d403bb0"), 
    "userType" : "Customer", 
    "arabicName" : "عميل", 
    "englishName" : "Customer", 
    "isDeleted" : false, 
    "createdAt" : ISODate("2020-08-25T22:51:25.383+0000"), 
    "isLocked" : false, 
    "permissions" : [
        ObjectId("5ea542e11ac4cd3b0a44df01"), 
        ObjectId("5ea542e11ac4cd3b0a44df02"), 
        ObjectId("5ea542e11ac4cd3b0a44df03"), 
        ObjectId("5ea542e11ac4cd3b0a44df04")
    ], 
    "__v" : NumberInt(0)
}
{ 
    "_id" : ObjectId("5f456bca95b1207f0d403bb6"), 
    "customer" : ObjectId("5f456bca95b1207f0d403bb4"), 
    "userType" : "Customer", 
    "arabicName" : "عميل", 
    "englishName" : "Customer", 
    "isDeleted" : false, 
    "createdAt" : ISODate("2020-08-25T22:51:38.095+0000"), 
    "isLocked" : false, 
    "permissions" : [
        ObjectId("5ea542e11ac4cd3b0a44df01"), 
        ObjectId("5ea542e11ac4cd3b0a44df02"), 
        ObjectId("5ea542e11ac4cd3b0a44df03"), 
        ObjectId("5ea542e11ac4cd3b0a44df04")
    ], 
    "__v" : NumberInt(0)
}
{ 
    "_id" : ObjectId("5f456be795b1207f0d403bbc"), 
    "customer" : ObjectId("5f456be795b1207f0d403bba"), 
    "userType" : "Customer", 
    "arabicName" : "عميل", 
    "englishName" : "Customer", 
    "isDeleted" : false, 
    "createdAt" : ISODate("2020-08-25T22:52:07.926+0000"), 
    "isLocked" : false, 
    "permissions" : [
        ObjectId("5ea542e11ac4cd3b0a44df01"), 
        ObjectId("5ea542e11ac4cd3b0a44df02"), 
        ObjectId("5ea542e11ac4cd3b0a44df03"), 
        ObjectId("5ea542e11ac4cd3b0a44df04")
    ], 
    "__v" : NumberInt(0)
}
{ 
    "_id" : ObjectId("5f456bf495b1207f0d403bc0"), 
    "customer" : ObjectId("5f456bf495b1207f0d403bbe"), 
    "userType" : "Customer", 
    "arabicName" : "عميل", 
    "englishName" : "Customer", 
    "isDeleted" : false, 
    "createdAt" : ISODate("2020-08-25T22:52:20.763+0000"), 
    "isLocked" : false, 
    "permissions" : [
        ObjectId("5ea542e11ac4cd3b0a44df01"), 
        ObjectId("5ea542e11ac4cd3b0a44df02"), 
        ObjectId("5ea542e11ac4cd3b0a44df03"), 
        ObjectId("5ea542e11ac4cd3b0a44df04")
    ], 
    "__v" : NumberInt(0)
}
{ 
    "_id" : ObjectId("5f456c0795b1207f0d403bc4"), 
    "customer" : ObjectId("5f456c0795b1207f0d403bc2"), 
    "userType" : "Customer", 
    "arabicName" : "عميل", 
    "englishName" : "Customer", 
    "isDeleted" : false, 
    "createdAt" : ISODate("2020-08-25T22:52:39.971+0000"), 
    "isLocked" : false, 
    "permissions" : [
        ObjectId("5ea542e11ac4cd3b0a44df01"), 
        ObjectId("5ea542e11ac4cd3b0a44df02"), 
        ObjectId("5ea542e11ac4cd3b0a44df03"), 
        ObjectId("5ea542e11ac4cd3b0a44df04")
    ], 
    "__v" : NumberInt(0)
}
{ 
    "_id" : ObjectId("5f456c1595b1207f0d403bc8"), 
    "customer" : ObjectId("5f456c1595b1207f0d403bc6"), 
    "userType" : "Customer", 
    "arabicName" : "عميل", 
    "englishName" : "Customer", 
    "isDeleted" : false, 
    "createdAt" : ISODate("2020-08-25T22:52:53.706+0000"), 
    "isLocked" : false, 
    "permissions" : [
        ObjectId("5ea542e11ac4cd3b0a44df01"), 
        ObjectId("5ea542e11ac4cd3b0a44df02"), 
        ObjectId("5ea542e11ac4cd3b0a44df03"), 
        ObjectId("5ea542e11ac4cd3b0a44df04")
    ], 
    "__v" : NumberInt(0)
}
{ 
    "_id" : ObjectId("5f456c9895b1207f0d403bcc"), 
    "customer" : ObjectId("5f456c9895b1207f0d403bca"), 
    "userType" : "Customer", 
    "arabicName" : "عميل", 
    "englishName" : "Customer", 
    "isDeleted" : false, 
    "createdAt" : ISODate("2020-08-25T22:55:04.575+0000"), 
    "isLocked" : false, 
    "permissions" : [
        ObjectId("5ea542e11ac4cd3b0a44df01"), 
        ObjectId("5ea542e11ac4cd3b0a44df02"), 
        ObjectId("5ea542e11ac4cd3b0a44df03"), 
        ObjectId("5ea542e11ac4cd3b0a44df04")
    ], 
    "__v" : NumberInt(0)
}
{ 
    "_id" : ObjectId("5f45735595b1207f0d403bce"), 
    "userType" : "Customer", 
    "customer" : ObjectId("5f456c9895b1207f0d403bca"), 
    "arabicName" : "مالية", 
    "englishName" : "FINANCE", 
    "isDeleted" : false, 
    "createdAt" : ISODate("2020-08-24T23:00:15.509+0000"), 
    "isLocked" : false, 
    "permissions" : [
        ObjectId("5ea542e11ac4cd3b0a44df04")
    ], 
    "__v" : NumberInt(1)
}
{ 
    "_id" : ObjectId("5f45737795b1207f0d403bcf"), 
    "userType" : "Customer", 
    "customer" : ObjectId("5f456c9895b1207f0d403bca"), 
    "arabicName" : "تشغيل", 
    "englishName" : "Opration", 
    "isDeleted" : false, 
    "createdAt" : ISODate("2020-08-24T23:00:15.509+0000"), 
    "isLocked" : false, 
    "permissions" : [
        ObjectId("5ea542e11ac4cd3b0a44df02")
    ], 
    "__v" : NumberInt(1)
}
{ 
    "_id" : ObjectId("5f45a239d0da7f4f7b1dbb6d"), 
    "customer" : ObjectId("5f45a239d0da7f4f7b1dbb6b"), 
    "userType" : "Customer", 
    "arabicName" : "عميل", 
    "englishName" : "Customer", 
    "isDeleted" : false, 
    "createdAt" : ISODate("2020-08-26T02:43:53.889+0000"), 
    "isLocked" : false, 
    "permissions" : [
        ObjectId("5ea542e11ac4cd3b0a44df01"), 
        ObjectId("5ea542e11ac4cd3b0a44df02"), 
        ObjectId("5ea542e11ac4cd3b0a44df03"), 
        ObjectId("5ea542e11ac4cd3b0a44df04")
    ], 
    "__v" : NumberInt(0)
}
{ 
    "_id" : ObjectId("5f45a283d0da7f4f7b1dbb6f"), 
    "userType" : "Customer", 
    "customer" : ObjectId("5f45a239d0da7f4f7b1dbb6b"), 
    "arabicName" : "مدير فرع", 
    "englishName" : "Branch Manager", 
    "isDeleted" : false, 
    "createdAt" : ISODate("2020-08-26T02:38:20.939+0000"), 
    "isLocked" : false, 
    "permissions" : [
        ObjectId("5ea542e11ac4cd3b0a44df02"), 
        ObjectId("5ea542e11ac4cd3b0a44df03"), 
        ObjectId("5ea542e11ac4cd3b0a44df04")
    ], 
    "__v" : NumberInt(3)
}
{ 
    "_id" : ObjectId("5f45a2a8d0da7f4f7b1dbb70"), 
    "userType" : "Customer", 
    "customer" : ObjectId("5f45a239d0da7f4f7b1dbb6b"), 
    "arabicName" : "فريق الطلبات", 
    "englishName" : "Ordering Team", 
    "isDeleted" : false, 
    "createdAt" : ISODate("2020-08-26T02:38:20.939+0000"), 
    "isLocked" : false, 
    "permissions" : [
        ObjectId("5ea542e11ac4cd3b0a44df02")
    ], 
    "__v" : NumberInt(1)
}
{ 
    "_id" : ObjectId("5f45a2c6d0da7f4f7b1dbb71"), 
    "userType" : "Customer", 
    "customer" : ObjectId("5f45a239d0da7f4f7b1dbb6b"), 
    "arabicName" : "محاسب", 
    "englishName" : "Financial", 
    "isDeleted" : false, 
    "createdAt" : ISODate("2020-08-26T02:38:20.939+0000"), 
    "isLocked" : false, 
    "permissions" : [
        ObjectId("5ea542e11ac4cd3b0a44df04")
    ], 
    "__v" : NumberInt(1)
}
{ 
    "_id" : ObjectId("5f47658134139609320c242f"), 
    "customer" : ObjectId("5f47658134139609320c242d"), 
    "userType" : "Customer", 
    "arabicName" : "عميل", 
    "englishName" : "Customer", 
    "isDeleted" : false, 
    "createdAt" : ISODate("2020-08-27T10:49:21.880+0000"), 
    "isLocked" : false, 
    "permissions" : [
        ObjectId("5ea542e11ac4cd3b0a44df01"), 
        ObjectId("5ea542e11ac4cd3b0a44df02"), 
        ObjectId("5ea542e11ac4cd3b0a44df03"), 
        ObjectId("5ea542e11ac4cd3b0a44df04")
    ], 
    "__v" : NumberInt(0)
}
{ 
    "_id" : ObjectId("5f4769a41111bb265a26525c"), 
    "userType" : "Customer", 
    "customer" : ObjectId("5f3b8463687ef766db4a8a6d"), 
    "arabicName" : "مدير فرع", 
    "englishName" : "Branch Manager", 
    "isDeleted" : false, 
    "createdAt" : ISODate("2020-08-27T10:50:13.993+0000"), 
    "isLocked" : false, 
    "permissions" : [
        ObjectId("5ea542e11ac4cd3b0a44df02"), 
        ObjectId("5ea542e11ac4cd3b0a44df03"), 
        ObjectId("5ea542e11ac4cd3b0a44df04")
    ], 
    "__v" : NumberInt(3)
}
{ 
    "_id" : ObjectId("5f4769e61111bb265a26525d"), 
    "userType" : "Customer", 
    "customer" : ObjectId("5f3b8463687ef766db4a8a6d"), 
    "arabicName" : "مسؤول الطلبات", 
    "englishName" : "Ordering Team", 
    "isDeleted" : false, 
    "createdAt" : ISODate("2020-08-27T10:50:13.993+0000"), 
    "isLocked" : false, 
    "permissions" : [
        ObjectId("5ea542e11ac4cd3b0a44df02")
    ], 
    "__v" : NumberInt(1)
}
{ 
    "_id" : ObjectId("5f47885f1111bb265a26526d"), 
    "userType" : "Customer", 
    "customer" : ObjectId("5f3b8463687ef766db4a8a6d"), 
    "arabicName" : "مدير المنطقة الشرقية", 
    "englishName" : "Eastern region Manager", 
    "isDeleted" : false, 
    "createdAt" : ISODate("2020-08-27T10:50:13.993+0000"), 
    "isLocked" : false, 
    "permissions" : [
        ObjectId("5ea542e11ac4cd3b0a44df02"), 
        ObjectId("5ea542e11ac4cd3b0a44df03"), 
        ObjectId("5ea542e11ac4cd3b0a44df04")
    ], 
    "__v" : NumberInt(3)
}
{ 
    "_id" : ObjectId("5f4a6f019f78705936d5306d"), 
    "userType" : "Supplier", 
    "arabicName" : "سائق مورد", 
    "englishName" : "SupplierDriver", 
    "supplier" : ObjectId("5f4a6f019f78705936d5306b"), 
    "isDeleted" : false, 
    "createdAt" : ISODate("2020-08-29T17:52:14.183+0000"), 
    "isLocked" : false, 
    "permissions" : [

    ], 
    "__v" : NumberInt(0)
}
{ 
    "_id" : ObjectId("5f4a6f019f78705936d5306c"), 
    "supplier" : ObjectId("5f4a6f019f78705936d5306b"), 
    "userType" : "Supplier", 
    "arabicName" : "إداري مزود", 
    "englishName" : "Supplier Admin", 
    "isDeleted" : false, 
    "createdAt" : ISODate("2020-08-29T17:52:14.183+0000"), 
    "isLocked" : false, 
    "permissions" : [
        ObjectId("5ea542e11ac4cd3b0a44df06"), 
        ObjectId("5ea542e11ac4cd3b0a44df07"), 
        ObjectId("5ea542e11ac4cd3b0a44df09"), 
        ObjectId("5ea542e11ac4cd3b0a44df0a"), 
        ObjectId("5ea542e11ac4cd3b0a44df08"), 
        ObjectId("5ea542e11ac4cd3b0a44df0b"), 
        ObjectId("5ea542e11ac4cd3b0a44df0c"), 
        ObjectId("5ea542e11ac4cd3b0a44df0d"), 
        ObjectId("5ea542e11ac4cd3b0a44df0e"), 
        ObjectId("5ea542e11ac4cd3b0a44df0f"), 
        ObjectId("5ea542e11ac4cd3b0a44df10"), 
        ObjectId("5ea542e11ac4cd3b0a44df11"), 
        ObjectId("5ea542e11ac4cd3b0a44df12"), 
        ObjectId("5ea542e11ac4cd3b0a44df13"), 
        ObjectId("5ea542e11ac4cd3b0a44df14"), 
        ObjectId("5ea542e11ac4cd3b0a44df15"), 
        ObjectId("5f19cd84193daa2c31414ec0")
    ], 
    "__v" : NumberInt(0)
}
{ 
    "_id" : ObjectId("5f4a6fce9f78705936d53072"), 
    "customer" : ObjectId("5f4a6fce9f78705936d53070"), 
    "userType" : "Customer", 
    "arabicName" : "عميل", 
    "englishName" : "Customer", 
    "isDeleted" : false, 
    "createdAt" : ISODate("2020-08-29T18:10:06.542+0000"), 
    "isLocked" : false, 
    "permissions" : [
        ObjectId("5ea542e11ac4cd3b0a44df01"), 
        ObjectId("5ea542e11ac4cd3b0a44df02"), 
        ObjectId("5ea542e11ac4cd3b0a44df03"), 
        ObjectId("5ea542e11ac4cd3b0a44df04")
    ], 
    "__v" : NumberInt(0)
}
{ 
    "_id" : ObjectId("5f4a70d59f78705936d53074"), 
    "userType" : "Customer", 
    "customer" : ObjectId("5f4a6fce9f78705936d53070"), 
    "arabicName" : "مرحبا", 
    "englishName" : "Staff ROle", 
    "isDeleted" : false, 
    "createdAt" : ISODate("2020-08-29T17:52:14.183+0000"), 
    "isLocked" : false, 
    "permissions" : [
        ObjectId("5ea542e11ac4cd3b0a44df01"), 
        ObjectId("5ea542e11ac4cd3b0a44df02"), 
        ObjectId("5ea542e11ac4cd3b0a44df03"), 
        ObjectId("5ea542e11ac4cd3b0a44df04")
    ], 
    "__v" : NumberInt(4)
}
{ 
    "_id" : ObjectId("5f4aa3d443ce3f5fb73ea204"), 
    "userType" : "Supplier", 
    "arabicName" : "سائق مورد", 
    "englishName" : "SupplierDriver", 
    "supplier" : ObjectId("5f4aa3d443ce3f5fb73ea202"), 
    "isDeleted" : false, 
    "createdAt" : ISODate("2020-08-29T21:44:35.666+0000"), 
    "isLocked" : false, 
    "permissions" : [

    ], 
    "__v" : NumberInt(0)
}
{ 
    "_id" : ObjectId("5f4aa3d443ce3f5fb73ea203"), 
    "supplier" : ObjectId("5f4aa3d443ce3f5fb73ea202"), 
    "userType" : "Supplier", 
    "arabicName" : "إداري مزود", 
    "englishName" : "Supplier Admin", 
    "isDeleted" : false, 
    "createdAt" : ISODate("2020-08-29T21:44:35.666+0000"), 
    "isLocked" : false, 
    "permissions" : [
        ObjectId("5ea542e11ac4cd3b0a44df06"), 
        ObjectId("5ea542e11ac4cd3b0a44df07"), 
        ObjectId("5ea542e11ac4cd3b0a44df09"), 
        ObjectId("5ea542e11ac4cd3b0a44df0a"), 
        ObjectId("5ea542e11ac4cd3b0a44df08"), 
        ObjectId("5ea542e11ac4cd3b0a44df0b"), 
        ObjectId("5ea542e11ac4cd3b0a44df0c"), 
        ObjectId("5ea542e11ac4cd3b0a44df0d"), 
        ObjectId("5ea542e11ac4cd3b0a44df0e"), 
        ObjectId("5ea542e11ac4cd3b0a44df0f"), 
        ObjectId("5ea542e11ac4cd3b0a44df10"), 
        ObjectId("5ea542e11ac4cd3b0a44df11"), 
        ObjectId("5ea542e11ac4cd3b0a44df12"), 
        ObjectId("5ea542e11ac4cd3b0a44df13"), 
        ObjectId("5ea542e11ac4cd3b0a44df14"), 
        ObjectId("5ea542e11ac4cd3b0a44df15"), 
        ObjectId("5f19cd84193daa2c31414ec0")
    ], 
    "__v" : NumberInt(0)
}
{ 
    "_id" : ObjectId("5f4aa45543ce3f5fb73ea209"), 
    "customer" : ObjectId("5f4aa45543ce3f5fb73ea207"), 
    "userType" : "Customer", 
    "arabicName" : "عميل", 
    "englishName" : "Customer", 
    "isDeleted" : false, 
    "createdAt" : ISODate("2020-08-29T21:54:13.148+0000"), 
    "isLocked" : false, 
    "permissions" : [
        ObjectId("5ea542e11ac4cd3b0a44df01"), 
        ObjectId("5ea542e11ac4cd3b0a44df02"), 
        ObjectId("5ea542e11ac4cd3b0a44df03"), 
        ObjectId("5ea542e11ac4cd3b0a44df04")
    ], 
    "__v" : NumberInt(0)
}
{ 
    "_id" : ObjectId("5f4aab3c43ce3f5fb73ea214"), 
    "customer" : ObjectId("5f4aab3c43ce3f5fb73ea212"), 
    "userType" : "Customer", 
    "arabicName" : "عميل", 
    "englishName" : "Customer", 
    "isDeleted" : false, 
    "createdAt" : ISODate("2020-08-29T22:23:40.258+0000"), 
    "isLocked" : false, 
    "permissions" : [
        ObjectId("5ea542e11ac4cd3b0a44df01"), 
        ObjectId("5ea542e11ac4cd3b0a44df02"), 
        ObjectId("5ea542e11ac4cd3b0a44df03"), 
        ObjectId("5ea542e11ac4cd3b0a44df04")
    ], 
    "__v" : NumberInt(0)
}
{ 
    "_id" : ObjectId("5f4aac3b43ce3f5fb73ea21b"), 
    "userType" : "Customer", 
    "customer" : ObjectId("5f4aab3c43ce3f5fb73ea212"), 
    "arabicName" : "فريق التحضير", 
    "englishName" : "Branch Manager", 
    "isDeleted" : false, 
    "createdAt" : ISODate("2020-08-29T21:44:35.666+0000"), 
    "isLocked" : false, 
    "permissions" : [
        ObjectId("5ea542e11ac4cd3b0a44df02"), 
        ObjectId("5ea542e11ac4cd3b0a44df03"), 
        ObjectId("5ea542e11ac4cd3b0a44df04")
    ], 
    "__v" : NumberInt(3)
}
{ 
    "_id" : ObjectId("5f4ab2a243ce3f5fb73ea221"), 
    "customer" : ObjectId("5f4ab2a243ce3f5fb73ea21f"), 
    "userType" : "Customer", 
    "arabicName" : "عميل", 
    "englishName" : "Customer", 
    "isDeleted" : false, 
    "createdAt" : ISODate("2020-08-29T22:55:14.759+0000"), 
    "isLocked" : false, 
    "permissions" : [
        ObjectId("5ea542e11ac4cd3b0a44df01"), 
        ObjectId("5ea542e11ac4cd3b0a44df02"), 
        ObjectId("5ea542e11ac4cd3b0a44df03"), 
        ObjectId("5ea542e11ac4cd3b0a44df04")
    ], 
    "__v" : NumberInt(0)
}
{ 
    "_id" : ObjectId("5f4ab33a43ce3f5fb73ea223"), 
    "userType" : "Customer", 
    "customer" : ObjectId("5f4ab2a243ce3f5fb73ea21f"), 
    "arabicName" : "مرحبا", 
    "englishName" : "malik role", 
    "isDeleted" : false, 
    "createdAt" : ISODate("2020-08-29T21:44:35.666+0000"), 
    "isLocked" : false, 
    "permissions" : [
        ObjectId("5ea542e11ac4cd3b0a44df02")
    ], 
    "__v" : NumberInt(7)
}
{ 
    "_id" : ObjectId("5f4b82a065a63d0760b0bae0"), 
    "userType" : "Customer", 
    "customer" : null, 
    "arabicName" : "مدير منطقة الشرقية", 
    "englishName" : "Eastern Regional Manager", 
    "isDeleted" : false, 
    "createdAt" : ISODate("2020-08-30T13:40:57.784+0000"), 
    "isLocked" : false, 
    "permissions" : [

    ], 
    "__v" : NumberInt(0)
}
{ 
    "_id" : ObjectId("5f4baf8888c88416142f5393"), 
    "userType" : "Customer", 
    "customer" : ObjectId("5f4aa45543ce3f5fb73ea207"), 
    "arabicName" : "مرحبا", 
    "englishName" : "Role 1", 
    "isDeleted" : false, 
    "createdAt" : ISODate("2020-08-30T16:51:56.063+0000"), 
    "isLocked" : false, 
    "permissions" : [
        ObjectId("5ea542e11ac4cd3b0a44df02"), 
        ObjectId("5ea542e11ac4cd3b0a44df03"), 
        ObjectId("5ea542e11ac4cd3b0a44df04")
    ], 
    "__v" : NumberInt(3)
}
{ 
    "_id" : ObjectId("5f4baf9b88c88416142f5394"), 
    "userType" : "Customer", 
    "customer" : ObjectId("5f4aa45543ce3f5fb73ea207"), 
    "arabicName" : "مرحبا", 
    "englishName" : "Role 2", 
    "isDeleted" : false, 
    "createdAt" : ISODate("2020-08-30T16:51:56.063+0000"), 
    "isLocked" : false, 
    "permissions" : [
        ObjectId("5ea542e11ac4cd3b0a44df02"), 
        ObjectId("5ea542e11ac4cd3b0a44df03"), 
        ObjectId("5ea542e11ac4cd3b0a44df04")
    ], 
    "__v" : NumberInt(3)
}
{ 
    "_id" : ObjectId("5f4baf9d88c88416142f5395"), 
    "userType" : "Customer", 
    "customer" : ObjectId("5f4aa45543ce3f5fb73ea207"), 
    "arabicName" : "مرحبا", 
    "englishName" : "Role 2", 
    "isDeleted" : true, 
    "createdAt" : ISODate("2020-08-30T16:51:56.063+0000"), 
    "isLocked" : false, 
    "permissions" : [

    ], 
    "__v" : NumberInt(0)
}
{ 
    "_id" : ObjectId("5f4bafb888c88416142f5396"), 
    "userType" : "Customer", 
    "customer" : ObjectId("5f4aa45543ce3f5fb73ea207"), 
    "arabicName" : "مرحبا", 
    "englishName" : "Role3", 
    "isDeleted" : false, 
    "createdAt" : ISODate("2020-08-30T16:51:56.063+0000"), 
    "isLocked" : false, 
    "permissions" : [
        ObjectId("5ea542e11ac4cd3b0a44df02"), 
        ObjectId("5ea542e11ac4cd3b0a44df03"), 
        ObjectId("5ea542e11ac4cd3b0a44df04")
    ], 
    "__v" : NumberInt(3)
}
{ 
    "_id" : ObjectId("5f4bc4adadc4d51af535b37c"), 
    "userType" : "Supplier", 
    "arabicName" : "سائق مورد", 
    "englishName" : "SupplierDriver", 
    "supplier" : ObjectId("5f4bc4adadc4d51af535b37a"), 
    "isDeleted" : false, 
    "createdAt" : ISODate("2020-08-30T18:03:03.954+0000"), 
    "isLocked" : false, 
    "permissions" : [

    ], 
    "__v" : NumberInt(0)
}
{ 
    "_id" : ObjectId("5f4bc4adadc4d51af535b37b"), 
    "supplier" : ObjectId("5f4bc4adadc4d51af535b37a"), 
    "userType" : "Supplier", 
    "arabicName" : "إداري مزود", 
    "englishName" : "Supplier Admin", 
    "isDeleted" : false, 
    "createdAt" : ISODate("2020-08-30T18:03:03.954+0000"), 
    "isLocked" : false, 
    "permissions" : [
        ObjectId("5ea542e11ac4cd3b0a44df06"), 
        ObjectId("5ea542e11ac4cd3b0a44df07"), 
        ObjectId("5ea542e11ac4cd3b0a44df09"), 
        ObjectId("5ea542e11ac4cd3b0a44df0a"), 
        ObjectId("5ea542e11ac4cd3b0a44df08"), 
        ObjectId("5ea542e11ac4cd3b0a44df0b"), 
        ObjectId("5ea542e11ac4cd3b0a44df0c"), 
        ObjectId("5ea542e11ac4cd3b0a44df0d"), 
        ObjectId("5ea542e11ac4cd3b0a44df0e"), 
        ObjectId("5ea542e11ac4cd3b0a44df0f"), 
        ObjectId("5ea542e11ac4cd3b0a44df10"), 
        ObjectId("5ea542e11ac4cd3b0a44df11"), 
        ObjectId("5ea542e11ac4cd3b0a44df12"), 
        ObjectId("5ea542e11ac4cd3b0a44df13"), 
        ObjectId("5ea542e11ac4cd3b0a44df14"), 
        ObjectId("5ea542e11ac4cd3b0a44df15"), 
        ObjectId("5f19cd84193daa2c31414ec0")
    ], 
    "__v" : NumberInt(0)
}
{ 
    "_id" : ObjectId("5f4bc503adc4d51af535b381"), 
    "customer" : ObjectId("5f4bc503adc4d51af535b37f"), 
    "userType" : "Customer", 
    "arabicName" : "عميل", 
    "englishName" : "Customer", 
    "isDeleted" : false, 
    "createdAt" : ISODate("2020-08-30T18:25:55.713+0000"), 
    "isLocked" : false, 
    "permissions" : [
        ObjectId("5ea542e11ac4cd3b0a44df01"), 
        ObjectId("5ea542e11ac4cd3b0a44df02"), 
        ObjectId("5ea542e11ac4cd3b0a44df03"), 
        ObjectId("5ea542e11ac4cd3b0a44df04")
    ], 
    "__v" : NumberInt(0)
}
{ 
    "_id" : ObjectId("5f4bc508adc4d51af535b385"), 
    "customer" : ObjectId("5f4bc508adc4d51af535b383"), 
    "userType" : "Customer", 
    "arabicName" : "عميل", 
    "englishName" : "Customer", 
    "isDeleted" : false, 
    "createdAt" : ISODate("2020-08-30T18:26:00.620+0000"), 
    "isLocked" : false, 
    "permissions" : [
        ObjectId("5ea542e11ac4cd3b0a44df01"), 
        ObjectId("5ea542e11ac4cd3b0a44df02"), 
        ObjectId("5ea542e11ac4cd3b0a44df03"), 
        ObjectId("5ea542e11ac4cd3b0a44df04")
    ], 
    "__v" : NumberInt(0)
}
{ 
    "_id" : ObjectId("5f4bc575adc4d51af535b38a"), 
    "customer" : ObjectId("5f4bc575adc4d51af535b388"), 
    "userType" : "Customer", 
    "arabicName" : "عميل", 
    "englishName" : "Customer", 
    "isDeleted" : false, 
    "createdAt" : ISODate("2020-08-30T18:27:49.157+0000"), 
    "isLocked" : false, 
    "permissions" : [
        ObjectId("5ea542e11ac4cd3b0a44df01"), 
        ObjectId("5ea542e11ac4cd3b0a44df02"), 
        ObjectId("5ea542e11ac4cd3b0a44df03"), 
        ObjectId("5ea542e11ac4cd3b0a44df04")
    ], 
    "__v" : NumberInt(0)
}
{ 
    "_id" : ObjectId("5f4bc590adc4d51af535b38c"), 
    "userType" : "Customer", 
    "customer" : ObjectId("5f4bc575adc4d51af535b388"), 
    "arabicName" : "مدير فرع", 
    "englishName" : "Branch Manager", 
    "isDeleted" : false, 
    "createdAt" : ISODate("2020-08-30T18:03:03.954+0000"), 
    "isLocked" : false, 
    "permissions" : [
        ObjectId("5ea542e11ac4cd3b0a44df02"), 
        ObjectId("5ea542e11ac4cd3b0a44df03"), 
        ObjectId("5ea542e11ac4cd3b0a44df04")
    ], 
    "__v" : NumberInt(3)
}
{ 
    "_id" : ObjectId("5f4bc5a9adc4d51af535b38d"), 
    "userType" : "Customer", 
    "customer" : ObjectId("5f4bc575adc4d51af535b388"), 
    "arabicName" : "فريق الطلبات", 
    "englishName" : "Ordering Team", 
    "isDeleted" : false, 
    "createdAt" : ISODate("2020-08-30T18:03:03.954+0000"), 
    "isLocked" : false, 
    "permissions" : [
        ObjectId("5ea542e11ac4cd3b0a44df02")
    ], 
    "__v" : NumberInt(1)
}
{ 
    "_id" : ObjectId("5f4bc5b8adc4d51af535b38e"), 
    "userType" : "Customer", 
    "customer" : ObjectId("5f4bc575adc4d51af535b388"), 
    "arabicName" : "محاسب", 
    "englishName" : "Accountant", 
    "isDeleted" : false, 
    "createdAt" : ISODate("2020-08-30T18:03:03.954+0000"), 
    "isLocked" : false, 
    "permissions" : [
        ObjectId("5ea542e11ac4cd3b0a44df04")
    ], 
    "__v" : NumberInt(1)
}
{ 
    "_id" : ObjectId("5f4ca6ee22c0291c7f2e5fb8"), 
    "customer" : ObjectId("5f4ca6ee22c0291c7f2e5fb6"), 
    "userType" : "Customer", 
    "arabicName" : "عميل", 
    "englishName" : "Customer", 
    "isDeleted" : false, 
    "createdAt" : ISODate("2020-08-31T10:29:50.996+0000"), 
    "isLocked" : false, 
    "permissions" : [
        ObjectId("5ea542e11ac4cd3b0a44df01"), 
        ObjectId("5ea542e11ac4cd3b0a44df02"), 
        ObjectId("5ea542e11ac4cd3b0a44df03"), 
        ObjectId("5ea542e11ac4cd3b0a44df04")
    ], 
    "__v" : NumberInt(0)
}
{ 
    "_id" : ObjectId("5f4ca80122c0291c7f2e5fbd"), 
    "userType" : "Supplier", 
    "arabicName" : "سائق مورد", 
    "englishName" : "SupplierDriver", 
    "supplier" : ObjectId("5f4ca80122c0291c7f2e5fbb"), 
    "isDeleted" : false, 
    "createdAt" : ISODate("2020-08-30T18:39:14.252+0000"), 
    "isLocked" : false, 
    "permissions" : [

    ], 
    "__v" : NumberInt(0)
}
{ 
    "_id" : ObjectId("5f4ca80122c0291c7f2e5fbc"), 
    "supplier" : ObjectId("5f4ca80122c0291c7f2e5fbb"), 
    "userType" : "Supplier", 
    "arabicName" : "إداري مزود", 
    "englishName" : "Supplier Admin", 
    "isDeleted" : false, 
    "createdAt" : ISODate("2020-08-30T18:39:14.252+0000"), 
    "isLocked" : false, 
    "permissions" : [
        ObjectId("5ea542e11ac4cd3b0a44df06"), 
        ObjectId("5ea542e11ac4cd3b0a44df07"), 
        ObjectId("5ea542e11ac4cd3b0a44df09"), 
        ObjectId("5ea542e11ac4cd3b0a44df0a"), 
        ObjectId("5ea542e11ac4cd3b0a44df08"), 
        ObjectId("5ea542e11ac4cd3b0a44df0b"), 
        ObjectId("5ea542e11ac4cd3b0a44df0c"), 
        ObjectId("5ea542e11ac4cd3b0a44df0d"), 
        ObjectId("5ea542e11ac4cd3b0a44df0e"), 
        ObjectId("5ea542e11ac4cd3b0a44df0f"), 
        ObjectId("5ea542e11ac4cd3b0a44df10"), 
        ObjectId("5ea542e11ac4cd3b0a44df11"), 
        ObjectId("5ea542e11ac4cd3b0a44df12"), 
        ObjectId("5ea542e11ac4cd3b0a44df13"), 
        ObjectId("5ea542e11ac4cd3b0a44df14"), 
        ObjectId("5ea542e11ac4cd3b0a44df15"), 
        ObjectId("5f19cd84193daa2c31414ec0")
    ], 
    "__v" : NumberInt(0)
}
{ 
    "_id" : ObjectId("5f4d264122c0291c7f2e5fc4"), 
    "customer" : ObjectId("5f4d264122c0291c7f2e5fc2"), 
    "userType" : "Customer", 
    "arabicName" : "عميل", 
    "englishName" : "Customer", 
    "isDeleted" : false, 
    "createdAt" : ISODate("2020-08-31T19:33:05.318+0000"), 
    "isLocked" : false, 
    "permissions" : [
        ObjectId("5ea542e11ac4cd3b0a44df01"), 
        ObjectId("5ea542e11ac4cd3b0a44df02"), 
        ObjectId("5ea542e11ac4cd3b0a44df03"), 
        ObjectId("5ea542e11ac4cd3b0a44df04")
    ], 
    "__v" : NumberInt(0)
}
{ 
    "_id" : ObjectId("5f4d267c22c0291c7f2e5fc6"), 
    "userType" : "Customer", 
    "customer" : ObjectId("5f4d264122c0291c7f2e5fc2"), 
    "arabicName" : "مدير منطقة", 
    "englishName" : "Area Manager", 
    "isDeleted" : false, 
    "createdAt" : ISODate("2020-08-30T18:39:14.252+0000"), 
    "isLocked" : false, 
    "permissions" : [
        ObjectId("5ea542e11ac4cd3b0a44df02"), 
        ObjectId("5ea542e11ac4cd3b0a44df03")
    ], 
    "__v" : NumberInt(22)
}
{ 
    "_id" : ObjectId("5f4d269422c0291c7f2e5fc7"), 
    "userType" : "Customer", 
    "customer" : ObjectId("5f4d264122c0291c7f2e5fc2"), 
    "arabicName" : "مدير فرع", 
    "englishName" : "Branch Manager", 
    "isDeleted" : false, 
    "createdAt" : ISODate("2020-08-30T18:39:14.252+0000"), 
    "isLocked" : false, 
    "permissions" : [
        ObjectId("5ea542e11ac4cd3b0a44df02"), 
        ObjectId("5ea542e11ac4cd3b0a44df03")
    ], 
    "__v" : NumberInt(12)
}
{ 
    "_id" : ObjectId("5f4d26fe22c0291c7f2e5fc8"), 
    "userType" : "Customer", 
    "customer" : ObjectId("5f4d264122c0291c7f2e5fc2"), 
    "arabicName" : "مسؤول الطلبات", 
    "englishName" : "Ordering Team", 
    "isDeleted" : false, 
    "createdAt" : ISODate("2020-08-30T18:39:14.252+0000"), 
    "isLocked" : false, 
    "permissions" : [
        ObjectId("5ea542e11ac4cd3b0a44df02")
    ], 
    "__v" : NumberInt(1)
}
{ 
    "_id" : ObjectId("5f4d271d22c0291c7f2e5fc9"), 
    "userType" : "Customer", 
    "customer" : ObjectId("5f4d264122c0291c7f2e5fc2"), 
    "arabicName" : "محاسب", 
    "englishName" : "Finance", 
    "isDeleted" : false, 
    "createdAt" : ISODate("2020-08-30T18:39:14.252+0000"), 
    "isLocked" : false, 
    "permissions" : [
        ObjectId("5ea542e11ac4cd3b0a44df04")
    ], 
    "__v" : NumberInt(1)
}
{ 
    "_id" : ObjectId("5f4de2c81d2357606dfa18a3"), 
    "customer" : ObjectId("5f4de2c81d2357606dfa18a1"), 
    "userType" : "Customer", 
    "arabicName" : "عميل", 
    "englishName" : "Customer", 
    "isDeleted" : false, 
    "createdAt" : ISODate("2020-09-01T08:57:28.981+0000"), 
    "isLocked" : false, 
    "permissions" : [
        ObjectId("5ea542e11ac4cd3b0a44df01"), 
        ObjectId("5ea542e11ac4cd3b0a44df02"), 
        ObjectId("5ea542e11ac4cd3b0a44df03"), 
        ObjectId("5ea542e11ac4cd3b0a44df04")
    ], 
    "__v" : NumberInt(0)
}
{ 
    "_id" : ObjectId("5f50a1ab0d4032396a3f3435"), 
    "userType" : "Supplier", 
    "arabicName" : "سائق مورد", 
    "englishName" : "SupplierDriver", 
    "supplier" : ObjectId("5f50a1ab0d4032396a3f3433"), 
    "isDeleted" : false, 
    "createdAt" : ISODate("2020-09-02T17:01:29.890+0000"), 
    "isLocked" : false, 
    "permissions" : [

    ], 
    "__v" : NumberInt(0)
}
{ 
    "_id" : ObjectId("5f50a1ab0d4032396a3f3434"), 
    "supplier" : ObjectId("5f50a1ab0d4032396a3f3433"), 
    "userType" : "Supplier", 
    "arabicName" : "إداري مزود", 
    "englishName" : "Supplier Admin", 
    "isDeleted" : false, 
    "createdAt" : ISODate("2020-09-02T17:01:29.890+0000"), 
    "isLocked" : false, 
    "permissions" : [
        ObjectId("5ea542e11ac4cd3b0a44df06"), 
        ObjectId("5ea542e11ac4cd3b0a44df07"), 
        ObjectId("5ea542e11ac4cd3b0a44df09"), 
        ObjectId("5ea542e11ac4cd3b0a44df0a"), 
        ObjectId("5ea542e11ac4cd3b0a44df08"), 
        ObjectId("5ea542e11ac4cd3b0a44df0b"), 
        ObjectId("5ea542e11ac4cd3b0a44df0c"), 
        ObjectId("5ea542e11ac4cd3b0a44df0d"), 
        ObjectId("5ea542e11ac4cd3b0a44df0e"), 
        ObjectId("5ea542e11ac4cd3b0a44df0f"), 
        ObjectId("5ea542e11ac4cd3b0a44df10"), 
        ObjectId("5ea542e11ac4cd3b0a44df11"), 
        ObjectId("5ea542e11ac4cd3b0a44df12"), 
        ObjectId("5ea542e11ac4cd3b0a44df13"), 
        ObjectId("5ea542e11ac4cd3b0a44df14"), 
        ObjectId("5ea542e11ac4cd3b0a44df15"), 
        ObjectId("5f19cd84193daa2c31414ec0")
    ], 
    "__v" : NumberInt(0)
}
{ 
    "_id" : ObjectId("5f55f7bb8d911f4a04884d92"), 
    "customer" : ObjectId("5f55f7bb8d911f4a04884d90"), 
    "userType" : "Customer", 
    "arabicName" : "عميل", 
    "englishName" : "Customer", 
    "isDeleted" : false, 
    "createdAt" : ISODate("2020-09-07T12:04:59.171+0000"), 
    "isLocked" : false, 
    "permissions" : [
        ObjectId("5ea542e11ac4cd3b0a44df01"), 
        ObjectId("5ea542e11ac4cd3b0a44df02"), 
        ObjectId("5ea542e11ac4cd3b0a44df03"), 
        ObjectId("5ea542e11ac4cd3b0a44df04")
    ], 
    "__v" : NumberInt(0)
}
{ 
    "_id" : ObjectId("5f7d6a980e9f621d8f7c8c05"), 
    "customer" : ObjectId("5f7d6a980e9f621d8f7c8c03"), 
    "userType" : "Customer", 
    "arabicName" : "عميل", 
    "englishName" : "Customer", 
    "isDeleted" : false, 
    "createdAt" : ISODate("2020-10-07T10:13:28.725+0000"), 
    "isLocked" : false, 
    "permissions" : [
        ObjectId("5ea542e11ac4cd3b0a44df01"), 
        ObjectId("5ea542e11ac4cd3b0a44df02"), 
        ObjectId("5ea542e11ac4cd3b0a44df03"), 
        ObjectId("5ea542e11ac4cd3b0a44df04")
    ], 
    "__v" : NumberInt(0)
}
{ 
    "_id" : ObjectId("5f85a7b67aa5de582023ffba"), 
    "userType" : "Supplier", 
    "supplier" : ObjectId("5f1a9c45cce33f65397fa7eb"), 
    "arabicName" : "محاسب", 
    "englishName" : "Accountant", 
    "isDeleted" : false, 
    "createdAt" : ISODate("2020-10-08T19:22:18.647+0000"), 
    "isLocked" : false, 
    "permissions" : [
        ObjectId("5ea542e11ac4cd3b0a44df11"), 
        ObjectId("5ea542e11ac4cd3b0a44df12"), 
        ObjectId("5ea542e11ac4cd3b0a44df13"), 
        ObjectId("5ea542e11ac4cd3b0a44df06")
    ], 
    "__v" : NumberInt(4)
}
{ 
    "_id" : ObjectId("60450b7e27370a6aecc33029"), 
    "customer" : ObjectId("60450b7e27370a6aecc33027"), 
    "userType" : "Customer", 
    "arabicName" : "عميل", 
    "englishName" : "Customer", 
    "isDeleted" : false, 
    "createdAt" : ISODate("2021-03-07T20:21:02.573+0000"), 
    "isLocked" : false, 
    "permissions" : [
        ObjectId("5ea542e11ac4cd3b0a44df01"), 
        ObjectId("5ea542e11ac4cd3b0a44df02"), 
        ObjectId("5ea542e11ac4cd3b0a44df03"), 
        ObjectId("5ea542e11ac4cd3b0a44df04")
    ], 
    "__v" : NumberInt(0)
}
{ 
    "_id" : ObjectId("60782d9303835f1d6d6cb1ff"), 
    "userType" : "Supplier", 
    "supplier" : ObjectId("5ea86eb7d8d93354f616130a"), 
    "arabicName" : "مدير فرع", 
    "englishName" : "Manager", 
    "isDeleted" : false, 
    "createdAt" : ISODate("2021-04-12T22:13:42.705+0000"), 
    "isLocked" : false, 
    "permissions" : [
        ObjectId("5ea542e11ac4cd3b0a44df07"), 
        ObjectId("5ea542e11ac4cd3b0a44df08"), 
        ObjectId("5ea542e11ac4cd3b0a44df09"), 
        ObjectId("5ea542e11ac4cd3b0a44df0b"), 
        ObjectId("5ea542e11ac4cd3b0a44df0c"), 
        ObjectId("5ea542e11ac4cd3b0a44df0a"), 
        ObjectId("5ea542e11ac4cd3b0a44df12"), 
        ObjectId("5ea542e11ac4cd3b0a44df06")
    ], 
    "__v" : NumberInt(10)
}
{ 
    "_id" : ObjectId("60a8fb075d6faa50100aee16"), 
    "customer" : ObjectId("60a8fb075d6faa50100aee14"), 
    "userType" : "Customer", 
    "arabicName" : "عميل", 
    "englishName" : "Customer", 
    "isDeleted" : false, 
    "createdAt" : ISODate("2021-05-22T15:37:27.996+0000"), 
    "isLocked" : false, 
    "permissions" : [
        ObjectId("5ea542e11ac4cd3b0a44df01"), 
        ObjectId("5ea542e11ac4cd3b0a44df02"), 
        ObjectId("5ea542e11ac4cd3b0a44df03"), 
        ObjectId("5ea542e11ac4cd3b0a44df04")
    ], 
    "__v" : NumberInt(0)
}
{ 
    "_id" : ObjectId("60bb2ebf864f657f35d5cb13"), 
    "userType" : "Supplier", 
    "arabicName" : "سائق مورد", 
    "englishName" : "SupplierDriver", 
    "supplier" : ObjectId("60bb2ebf864f657f35d5cb11"), 
    "isDeleted" : false, 
    "createdAt" : ISODate("2021-06-05T10:04:55.616+0000"), 
    "isLocked" : false, 
    "permissions" : [

    ], 
    "__v" : NumberInt(0)
}
{ 
    "_id" : ObjectId("60bb2ebf864f657f35d5cb12"), 
    "supplier" : ObjectId("60bb2ebf864f657f35d5cb11"), 
    "userType" : "Supplier", 
    "arabicName" : "إداري مزود", 
    "englishName" : "Supplier Admin", 
    "isDeleted" : false, 
    "createdAt" : ISODate("2021-06-05T10:04:55.616+0000"), 
    "isLocked" : false, 
    "permissions" : [
        ObjectId("5ea542e11ac4cd3b0a44df06"), 
        ObjectId("5ea542e11ac4cd3b0a44df07"), 
        ObjectId("5ea542e11ac4cd3b0a44df09"), 
        ObjectId("5ea542e11ac4cd3b0a44df0a"), 
        ObjectId("5ea542e11ac4cd3b0a44df08"), 
        ObjectId("5ea542e11ac4cd3b0a44df0b"), 
        ObjectId("5ea542e11ac4cd3b0a44df0c"), 
        ObjectId("5ea542e11ac4cd3b0a44df0d"), 
        ObjectId("5ea542e11ac4cd3b0a44df0e"), 
        ObjectId("5ea542e11ac4cd3b0a44df0f"), 
        ObjectId("5ea542e11ac4cd3b0a44df10"), 
        ObjectId("5ea542e11ac4cd3b0a44df11"), 
        ObjectId("5ea542e11ac4cd3b0a44df12"), 
        ObjectId("5ea542e11ac4cd3b0a44df13"), 
        ObjectId("5ea542e11ac4cd3b0a44df14"), 
        ObjectId("5ea542e11ac4cd3b0a44df15"), 
        ObjectId("5f19cd84193daa2c31414ec0")
    ], 
    "__v" : NumberInt(0)
}
{ 
    "_id" : ObjectId("60bb59c21534ac396058efbd"), 
    "customer" : ObjectId("60bb59c11534ac396058efbb"), 
    "userType" : "Customer", 
    "arabicName" : "عميل", 
    "englishName" : "Customer", 
    "isDeleted" : false, 
    "createdAt" : ISODate("2021-06-05T14:02:26.014+0000"), 
    "isLocked" : false, 
    "permissions" : [
        ObjectId("5ea542e11ac4cd3b0a44df01"), 
        ObjectId("5ea542e11ac4cd3b0a44df02"), 
        ObjectId("5ea542e11ac4cd3b0a44df03"), 
        ObjectId("5ea542e11ac4cd3b0a44df04")
    ], 
    "__v" : NumberInt(0)
}
