{ 
    "_id" : ObjectId("5ea86eb7d8d93354f616130a"), 
    "representativeName" : "supplier", 
    "commercialRegister" : "2111211121", 
    "commercialRegisterPhoto" : "https://supplieson.com/api/upload/image/c256aad4011608bf3aec9f65b18db41a", 
    "commercialRegisterExpireDate" : null, 
    "commercialRegisterExpireDateIslamic" : ISODate("1442-12-27T20:53:08.000+0000"), 
    "startPaymentDate" : ISODate("2021-07-28T20:59:59.999+0000"), 
    "VATRegisterNumber" : NumberInt(12345678), 
    "VATRegisterPhoto" : "https://supplieson.com/api/upload/image/80747aad3b1c52df2787a626f6a42604", 
    "installment" : NumberInt(0), 
    "reservedBalance" : NumberInt(0), 
    "canReceiveOrder" : true, 
    "payingSoon" : false, 
    "adminFees" : NumberInt(0), 
    "dueDateMissed" : false, 
    "inDebit" : false, 
    "deleted" : false, 
    "photo" : "https://supplieson.com/images/1fbdcdb97fbfdf5852f5dd7934d9a7e3", 
    "coverPhoto" : "https://supplieson.com/images/1fbdcdb97fbfdf5852f5dd7934d9a7e3", 
    "nextPaymentDueDate" : ISODate("2021-08-28T20:59:59.999+0000"), 
    "createdAt" : ISODate("2020-04-28T20:58:15.588+0000"), 
    "status" : "Active", 
    "exceedPaymentDate" : false, 
    "exceedCreditLimit" : false, 
    "days" : NumberInt(6), 
    "paymentInterval" : "Month", 
    "paymentFrequency" : NumberInt(1), 
    "creditLimit" : NumberInt(3000), 
    "location" : {
        "type" : "Point", 
        "coordinates" : [
            26.31, 
            50.14
        ]
    }, 
    "staff" : [
        ObjectId("5ea86eb7d8d93354f6161309"), 
        ObjectId("5f00713cd8d93354f616137d")
    ], 
    "__v" : NumberInt(2)
}
{ 
    "_id" : ObjectId("5ef8e0ded8d93354f6161356"), 
    "representativeName" : "me", 
    "commercialRegister" : "1204346421", 
    "commercialRegisterPhoto" : "https://supplieson.com/api/upload/image/e12101afbc51809028eb7404ba8944ee", 
    "commercialRegisterExpireDate" : null, 
    "commercialRegisterExpireDateIslamic" : ISODate("1441-11-09T20:53:08.000+0000"), 
    "startPaymentDate" : ISODate("2021-07-28T20:59:59.999+0000"), 
    "VATRegisterNumber" : NumberInt(123), 
    "VATRegisterPhoto" : null, 
    "installment" : NumberInt(0), 
    "reservedBalance" : NumberInt(0), 
    "canReceiveOrder" : true, 
    "payingSoon" : false, 
    "adminFees" : NumberInt(0), 
    "dueDateMissed" : false, 
    "inDebit" : false, 
    "deleted" : false, 
    "photo" : "1fbdcdb97fbfdf5852f5dd7934d9a7e3", 
    "coverPhoto" : "1fbdcdb97fbfdf5852f5dd7934d9a7e3", 
    "nextPaymentDueDate" : ISODate("2021-08-28T20:59:59.999+0000"), 
    "createdAt" : ISODate("2020-06-28T21:26:38.767+0000"), 
    "status" : "Active", 
    "exceedPaymentDate" : false, 
    "exceedCreditLimit" : false, 
    "days" : NumberInt(11), 
    "paymentInterval" : "Month", 
    "paymentFrequency" : NumberInt(1), 
    "creditLimit" : NumberInt(3000), 
    "location" : {
        "type" : "Point", 
        "coordinates" : [
            26.31, 
            50.14
        ]
    }, 
    "staff" : [
        ObjectId("5ef8e0ded8d93354f6161355"), 
        ObjectId("5ef8e8b5d8d93354f616135d")
    ], 
    "__v" : NumberInt(2)
}
{ 
    "_id" : ObjectId("5f1a9c45cce33f65397fa7eb"), 
    "representativeName" : "baking up", 
    "commercialRegister" : "2051224045", 
    "commercialRegisterPhoto" : "https://supplieson.com/api/upload/image/9571891683a16a864065f38d701ab726", 
    "commercialRegisterExpireDate" : null, 
    "commercialRegisterExpireDateIslamic" : ISODate("1446-02-04T20:53:08.000+0000"), 
    "startPaymentDate" : ISODate("2021-07-31T23:59:59.999+0000"), 
    "VATRegisterNumber" : NumberInt(1234567890), 
    "VATRegisterPhoto" : "https://supplieson.com/api/upload/image/8503a6c1c044cc4ff047e501a4fad2d9", 
    "installment" : NumberInt(0), 
    "reservedBalance" : NumberInt(0), 
    "canReceiveOrder" : true, 
    "payingSoon" : false, 
    "adminFees" : NumberInt(0), 
    "dueDateMissed" : false, 
    "inDebit" : false, 
    "deleted" : false, 
    "photo" : "https://supplieson.com/images/https://supplieson.com/images/1fbdcdb97fbfdf5852f5dd7934d9a7e3", 
    "coverPhoto" : "https://supplieson.com/images/https://supplieson.com/images/1fbdcdb97fbfdf5852f5dd7934d9a7e3", 
    "nextPaymentDueDate" : ISODate("2021-08-31T23:59:59.999+0000"), 
    "createdAt" : ISODate("2020-07-24T11:31:01.522+0000"), 
    "status" : "Active", 
    "exceedPaymentDate" : true, 
    "exceedCreditLimit" : true, 
    "days" : NumberInt(15), 
    "paymentInterval" : "Month", 
    "paymentFrequency" : NumberInt(1), 
    "creditLimit" : NumberInt(3000), 
    "location" : {
        "type" : "Point", 
        "coordinates" : [
            26.31, 
            50.14
        ]
    }, 
    "staff" : [
        ObjectId("5f1a9c45cce33f65397fa7ea"), 
        ObjectId("5f1aff5ccce33f65397fa88d"), 
        ObjectId("5f2ac0a6687ef766db4a8a5c"), 
        ObjectId("5f85a8847aa5de582023ffbb"), 
        ObjectId("5f8fdd7e59c8d65fd96c7342"), 
        ObjectId("5f8fdded59c8d65fd96c7343")
    ], 
    "__v" : NumberInt(6)
}
{ 
    "_id" : ObjectId("5f410e83be383b61c3c1f51a"), 
    "representativeName" : "testcoffee", 
    "commercialRegister" : "2111211122", 
    "commercialRegisterPhoto" : "https://supplieson.com/api/upload/image/414e27c9c290139bdec51f4b0140ef23", 
    "commercialRegisterExpireDate" : null, 
    "commercialRegisterExpireDateIslamic" : ISODate("1442-01-26T20:53:08.000+0000"), 
    "startPaymentDate" : ISODate("2021-07-28T20:59:59.999+0000"), 
    "VATRegisterNumber" : NumberInt(12345678), 
    "VATRegisterPhoto" : "https://supplieson.com/api/upload/image/335a176375e142704aa214e27051c9b6", 
    "installment" : NumberInt(0), 
    "reservedBalance" : NumberInt(0), 
    "canReceiveOrder" : true, 
    "payingSoon" : false, 
    "adminFees" : NumberInt(0), 
    "dueDateMissed" : false, 
    "inDebit" : false, 
    "deleted" : false, 
    "photo" : "https://supplieson.com/images/1fbdcdb97fbfdf5852f5dd7934d9a7e3", 
    "coverPhoto" : "https://supplieson.com/images/1fbdcdb97fbfdf5852f5dd7934d9a7e3", 
    "nextPaymentDueDate" : ISODate("2021-08-28T20:59:59.999+0000"), 
    "createdAt" : ISODate("2020-08-22T15:24:35.297+0000"), 
    "status" : "Active", 
    "exceedPaymentDate" : false, 
    "exceedCreditLimit" : false, 
    "days" : NumberInt(5), 
    "paymentInterval" : "Month", 
    "paymentFrequency" : NumberInt(1), 
    "creditLimit" : NumberInt(3000), 
    "location" : {
        "type" : "Point", 
        "coordinates" : [
            26.31, 
            50.14
        ]
    }, 
    "staff" : [
        ObjectId("5f410e83be383b61c3c1f519")
    ], 
    "__v" : NumberInt(1)
}
{ 
    "_id" : ObjectId("5f4a6f019f78705936d5306b"), 
    "representativeName" : "malik & co", 
    "commercialRegister" : "1234567891", 
    "commercialRegisterPhoto" : "https://supplieson.com/api/upload/image/9c5c152b3a5481dc80f712729eded176", 
    "commercialRegisterExpireDate" : ISODate("2020-09-27T00:00:00.000+0000"), 
    "commercialRegisterExpireDateIslamic" : null, 
    "startPaymentDate" : ISODate("2021-07-28T20:59:59.999+0000"), 
    "VATRegisterNumber" : NumberInt(123456), 
    "VATRegisterPhoto" : "https://supplieson.com/api/upload/image/d3b6770f08c161170fdf5e322afd2bd7", 
    "installment" : NumberInt(0), 
    "reservedBalance" : NumberInt(0), 
    "canReceiveOrder" : true, 
    "payingSoon" : false, 
    "adminFees" : NumberInt(0), 
    "dueDateMissed" : false, 
    "inDebit" : false, 
    "deleted" : false, 
    "photo" : "https://supplieson.com/images/1fbdcdb97fbfdf5852f5dd7934d9a7e3", 
    "coverPhoto" : "1fbdcdb97fbfdf5852f5dd7934d9a7e3", 
    "nextPaymentDueDate" : ISODate("2021-08-28T20:59:59.999+0000"), 
    "createdAt" : ISODate("2020-08-29T18:06:41.516+0000"), 
    "status" : "Active", 
    "exceedPaymentDate" : false, 
    "exceedCreditLimit" : false, 
    "days" : NumberInt(23), 
    "paymentInterval" : "Month", 
    "paymentFrequency" : NumberInt(1), 
    "creditLimit" : NumberInt(3000), 
    "location" : {
        "coordinates" : [
            26.30569131299587, 
            50.12764038085939
        ], 
        "address" : "4092, Gharb Al Dhahran, Az Zahran 34465 7689, Saudi Arabia", 
        "type" : "Point"
    }, 
    "staff" : [
        ObjectId("5f4a6f019f78705936d5306a")
    ], 
    "__v" : NumberInt(1)
}
{ 
    "_id" : ObjectId("5f4aa3d443ce3f5fb73ea202"), 
    "representativeName" : "asif & co", 
    "commercialRegister" : "1445641321", 
    "commercialRegisterPhoto" : "https://supplieson.com/api/upload/image/0e7817ecf53ca236f084779378a4873a", 
    "commercialRegisterExpireDate" : ISODate("2020-09-26T19:00:00.000+0000"), 
    "commercialRegisterExpireDateIslamic" : null, 
    "startPaymentDate" : ISODate("2021-07-28T20:59:59.999+0000"), 
    "VATRegisterNumber" : NumberInt(12321251), 
    "VATRegisterPhoto" : "https://supplieson.com/api/upload/image/97338b6cfc77a7ce5ddac9a59d804c5b", 
    "installment" : NumberInt(0), 
    "reservedBalance" : NumberInt(0), 
    "canReceiveOrder" : true, 
    "payingSoon" : false, 
    "adminFees" : NumberInt(0), 
    "dueDateMissed" : false, 
    "inDebit" : false, 
    "deleted" : false, 
    "photo" : "1fbdcdb97fbfdf5852f5dd7934d9a7e3", 
    "coverPhoto" : "1fbdcdb97fbfdf5852f5dd7934d9a7e3", 
    "nextPaymentDueDate" : ISODate("2021-08-28T20:59:59.999+0000"), 
    "createdAt" : ISODate("2020-08-29T21:52:04.620+0000"), 
    "status" : "Active", 
    "exceedPaymentDate" : false, 
    "exceedCreditLimit" : false, 
    "days" : NumberInt(23), 
    "paymentInterval" : "Month", 
    "paymentFrequency" : NumberInt(1), 
    "creditLimit" : NumberInt(3000), 
    "location" : {
        "type" : "Point", 
        "coordinates" : [
            26.31, 
            50.14
        ]
    }, 
    "staff" : [
        ObjectId("5f4aa3d443ce3f5fb73ea201")
    ], 
    "__v" : NumberInt(1)
}
{ 
    "_id" : ObjectId("5f4bc4adadc4d51af535b37a"), 
    "representativeName" : "mo cafe", 
    "commercialRegister" : "4324353555", 
    "commercialRegisterPhoto" : "https://supplieson.com/api/upload/image/940b94e22b25163e3a45c8e5b411a821", 
    "commercialRegisterExpireDate" : ISODate("2022-08-23T21:00:00.000+0000"), 
    "commercialRegisterExpireDateIslamic" : null, 
    "startPaymentDate" : ISODate("2021-07-28T20:59:59.999+0000"), 
    "VATRegisterNumber" : 432423432532.0, 
    "VATRegisterPhoto" : "https://supplieson.com/api/upload/image/dbc8ce9fdac358572eb0e4803c7dc8b1", 
    "installment" : NumberInt(0), 
    "reservedBalance" : NumberInt(0), 
    "canReceiveOrder" : true, 
    "payingSoon" : false, 
    "adminFees" : NumberInt(0), 
    "dueDateMissed" : false, 
    "inDebit" : false, 
    "deleted" : false, 
    "photo" : "1fbdcdb97fbfdf5852f5dd7934d9a7e3", 
    "coverPhoto" : "1fbdcdb97fbfdf5852f5dd7934d9a7e3", 
    "nextPaymentDueDate" : ISODate("2021-08-28T20:59:59.999+0000"), 
    "createdAt" : ISODate("2020-08-30T18:24:29.041+0000"), 
    "status" : "Suspended", 
    "exceedPaymentDate" : false, 
    "exceedCreditLimit" : false, 
    "days" : NumberInt(0), 
    "paymentInterval" : "Month", 
    "paymentFrequency" : NumberInt(1), 
    "creditLimit" : NumberInt(3000), 
    "location" : {
        "type" : "Point", 
        "coordinates" : [
            26.31, 
            50.14
        ]
    }, 
    "staff" : [
        ObjectId("5f4bc4adadc4d51af535b379")
    ], 
    "__v" : NumberInt(1)
}
{ 
    "_id" : ObjectId("5f50a1ab0d4032396a3f3433"), 
    "representativeName" : "شركة التوام الاربعة المحدودة", 
    "commercialRegister" : "1010482249", 
    "commercialRegisterPhoto" : "https://supplieson.com/api/upload/image/0ca83f90458053a195390096c5201207", 
    "commercialRegisterExpireDate" : ISODate("2021-09-02T21:00:00.000+0000"), 
    "commercialRegisterExpireDateIslamic" : null, 
    "startPaymentDate" : ISODate("2021-07-28T20:59:59.999+0000"), 
    "VATRegisterNumber" : NumberInt(15), 
    "VATRegisterPhoto" : "https://supplieson.com/api/upload/image/e113535dd46d4115801cebf816a3d16a", 
    "installment" : NumberInt(0), 
    "reservedBalance" : NumberInt(0), 
    "canReceiveOrder" : true, 
    "payingSoon" : false, 
    "adminFees" : NumberInt(0), 
    "dueDateMissed" : false, 
    "inDebit" : false, 
    "deleted" : false, 
    "photo" : "1fbdcdb97fbfdf5852f5dd7934d9a7e3", 
    "coverPhoto" : "1fbdcdb97fbfdf5852f5dd7934d9a7e3", 
    "nextPaymentDueDate" : ISODate("2021-08-28T20:59:59.999+0000"), 
    "createdAt" : ISODate("2020-09-03T10:56:27.224+0000"), 
    "status" : "Suspended", 
    "exceedPaymentDate" : false, 
    "exceedCreditLimit" : false, 
    "days" : NumberInt(10), 
    "paymentInterval" : "Month", 
    "paymentFrequency" : NumberInt(1), 
    "creditLimit" : NumberInt(3000), 
    "location" : {
        "type" : "Point", 
        "coordinates" : [
            26.31, 
            50.14
        ]
    }, 
    "staff" : [
        ObjectId("5f50a1ab0d4032396a3f3432")
    ], 
    "__v" : NumberInt(1)
}
{ 
    "_id" : ObjectId("60bb2ebf864f657f35d5cb11"), 
    "representativeName" : "asif supplier", 
    "commercialRegister" : "5413211135", 
    "commercialRegisterPhoto" : "https://supplieson.com/api/upload/image/ba3d2ad296c8dbdc13aafdbf438dd68c", 
    "commercialRegisterExpireDate" : null, 
    "commercialRegisterExpireDateIslamic" : ISODate("1442-10-28T19:31:48.000+0000"), 
    "startPaymentDate" : ISODate("2021-07-30T20:59:59.999+0000"), 
    "VATRegisterNumber" : NumberInt(12023), 
    "VATRegisterPhoto" : "https://supplieson.com/api/upload/image/3588c3e6e07a35fdc450053b2456aa5b", 
    "installment" : NumberInt(0), 
    "reservedBalance" : NumberInt(0), 
    "canReceiveOrder" : true, 
    "payingSoon" : false, 
    "adminFees" : NumberInt(0), 
    "dueDateMissed" : false, 
    "inDebit" : false, 
    "deleted" : false, 
    "photo" : "1fbdcdb97fbfdf5852f5dd7934d9a7e3", 
    "coverPhoto" : "1fbdcdb97fbfdf5852f5dd7934d9a7e3", 
    "nextPaymentDueDate" : ISODate("2021-08-30T20:59:59.999+0000"), 
    "createdAt" : ISODate("2021-06-05T10:58:55.810+0000"), 
    "status" : "Active", 
    "exceedPaymentDate" : false, 
    "exceedCreditLimit" : false, 
    "days" : NumberInt(0), 
    "paymentInterval" : "Month", 
    "paymentFrequency" : NumberInt(1), 
    "creditLimit" : NumberInt(3000), 
    "location" : {
        "type" : "Point", 
        "coordinates" : [
            26.31, 
            50.14
        ]
    }, 
    "staff" : [
        ObjectId("60bb2ebf864f657f35d5cb10")
    ], 
    "__v" : NumberInt(1)
}
